person_id,atc_code_cd,prescription_start_dt,prescription_end_dt,first_dispensation_dt,last_dispensation_dt
YwaVWEIeNmbPrGGhjfaz,C09CA04,2006-01-19,2007-10-31,2024-09-10,2019-09-14
YdCyFeEoCHzsmWxBbAah,C09D X02,2020-11-08,2007-07-08,1998-10-27,2021-04-24
ytcEiChWOXhpcoPjiXiR,A10BK01,2017-02-15,2001-12-09,2007-03-17,2004-03-21
cusrQyOyQTwOQpgjwgBR,C09CA04,1999-03-03,2018-09-02,2023-05-06,2005-06-16
zQIHrKQiVoiRLPxducob,B01AB10,1999-02-17,2011-04-03,2017-08-11,2020-11-05
AeWKqXdndwkuKUAQsSAK,C01EB17,2021-04-18,2010-04-07,2021-06-02,2002-08-22
jEpQBzOCrgGWRdqaJHNh,B01AB10,2000-01-21,2024-05-03,1997-06-06,2009-12-31
lwMkQtTXBVvJSRenvSof,B01AB10,2004-06-25,2018-05-22,2002-09-25,2010-01-07
tlLEcTwOiqduwJyuyotF,C09AA07,2001-09-02,2024-02-22,2013-12-08,2020-05-23
kAWxIIPLIftPdhVEYNZp,C03EA06,2011-09-09,2011-05-07,1999-12-21,2014-03-09
JrXpkQoBFrrqnNECQnhb,B01AX05,2005-06-15,1999-02-08,1995-10-17,2006-10-21
bZYIZAwAdNpKVlAHQJrD,B01AF02,2024-11-10,2018-09-11,2001-06-15,1995-08-05
izWXhBGhXmiAAOSqKDBF,C08CA12,1999-11-24,2018-09-09,2009-01-18,2005-07-10
xtWNJUFdlPsWJtzcxepW,B01AX05,2023-09-23,2002-06-08,1998-05-14,2018-10-01
hJHKPSstjHlkZGLAgVHc,C09AA04,2009-08-08,2014-03-26,2009-05-31,2020-05-05
VyFtuOmaqZgFSBEBqsWL,C09AA02,2002-05-25,2003-07-31,2004-06-08,1998-10-14
HxVTYCvjoTjXESBNERAL,A10BK01,2021-10-16,2009-07-29,2000-12-23,2006-11-15
PtfJSRgOzCgOmKrXKsCj,C08DB01,2018-09-07,1998-11-28,2021-12-23,2008-10-02
yWWqwBCZekFrtKkbYqfc,B01AA03,2004-06-04,2015-10-10,2018-06-30,2015-02-01
JwrYWLUiYaFVVKWFiVkx,B01AC06,1995-11-02,2019-03-23,2020-12-18,2018-04-18
xArnUuJzmoYVimXVsCwx,C03DA01,2022-04-09,2012-03-28,2010-04-09,2012-04-26
COLLdmHLzOXKRrQAPJpO,C03AA03,2008-02-20,1998-05-08,2021-10-11,1997-07-27
PAhtjhpzPFnVXSyTiPlm,B01AE07,2019-09-13,2006-10-08,1996-02-29,2002-02-07
dQQRDhulDhlLGJAsjlCa,C09CA01,1998-07-13,2008-06-28,2013-03-24,2014-08-11
swJavvXHANOODpEbKgYD,C07AB02,1998-09-25,2016-02-09,2019-01-23,2019-09-13
NukwfvSFVLOMldtgJbAP,C09CA06,2005-12-05,2019-12-21,2011-04-21,2009-08-02
LacXbNTlGDUmxnvMBapI,C07AG02,2001-12-28,2008-03-29,2008-07-22,2010-10-03
XEVKHGFVwwroeURMDrBF,C07AB12,2001-12-01,2021-06-17,2007-07-23,2001-10-09
IvwjfUrEYjAuqAHXHrLF,C07AB02,2008-02-15,2021-01-13,2009-05-09,2004-11-07
nTdVxFabFfIKjDnRNQqW,C09CA04,2007-09-12,1996-01-10,1998-07-31,2018-07-14
bDrCMeOWOaeRCrJQFaxl,B01AC24,2004-09-10,2001-12-02,1997-05-24,2008-09-17
sruKbgsMfniGDzePNJRv,C01AA05,2019-12-10,2003-07-05,2023-05-11,2020-12-06
qCGDKiwzhAyDpohgZIZn,C03DA04,2012-09-18,2019-06-21,2008-05-19,2022-05-30
qpiGYxntcsOKabFjQYHJ,B01AC24,2006-03-11,2000-02-06,1998-08-01,2022-12-21
PqWVvWxAXGrkXquswuWJ,B01AB10,2015-06-16,1998-11-30,2018-12-16,2013-06-17
nWFxsAWjtxVROgtWvFnq,C09AA02,2007-02-12,2014-10-31,2009-10-15,2006-10-17
wqIGQLDjxNxixzIRdplg,B01AC06,2009-06-11,2009-04-21,2017-02-13,1998-10-31
WEjYTtpEwyXDNXeZYSfh,A10BK02,2004-08-30,2018-09-23,2016-05-12,2000-11-08
gyTTbOkqnVwZpslqkpMB,B01AB04,2009-11-24,2019-03-06,2024-09-05,2020-06-20
ZBMnXJjFcrAFxgeIHBfq,C03DA04,2000-11-18,2016-04-16,2021-08-10,2017-12-18
WnYtvblHDOddtLzHaQGJ,C09CA04,2002-09-14,2001-11-28,2021-01-25,2004-11-03
SPgoCXnpPdMpIryHbvUM,C08CA05,2001-10-05,2023-11-01,2022-03-16,2016-07-11
lLOaUBHyoMZEcFvXxZUc,C08DB01,2010-01-05,2024-07-17,2005-12-08,2015-11-24
GnkFVPbHMrWYegxbuuQN,C03CA04,2010-09-16,2022-05-20,2014-04-26,2014-03-15
MIQrdvvIxYIAsAXDqYDz,C01EB17,1998-06-26,2004-02-02,2004-05-26,2023-03-18
SnsyYhXToSVTxEneERyq,C03EA06,2004-01-29,2010-05-09,2023-02-26,1997-10-04
BfCmkeQOLSPKkRZTNHso,C07AB07,2014-12-13,2017-11-10,2007-06-14,2002-05-25
AHcycbfUjBwFQizdYekx,B01AA03,2003-11-23,2019-08-25,2003-03-08,2014-10-16
xfIuVodXbBqThnJBqmxB,A10BK01,2013-12-27,2017-06-05,2014-01-13,2022-08-16
WugVQKdEumUNQjhWJapB,B01AF01,2004-04-23,2000-06-13,2015-12-28,2019-10-26
gDpqxmNCwgqhPrjknsPH,C09AA04,2004-10-19,1995-02-21,2001-06-14,1998-11-07
oYBeuulRsnhhYSxwuudp,B01AF02,2018-11-10,1998-11-19,1995-12-09,2010-11-13
FccKdLljKdNNEthxfNwy,C09AA02,2000-03-10,2005-07-13,2022-04-27,1995-10-27
xAhBYPkXAmUgsaSchQVN,C09AA02,2020-09-25,1998-12-26,2002-06-20,1997-12-07
lNqrHudoGUugbRBbhwHB,B01AC06,2020-08-11,1997-03-29,2020-06-18,2009-10-27
UERREwpqFMLjDsxXZBVx,C07AB02,2001-01-03,2003-03-26,2021-07-01,2013-03-04
FNmgBlZFInfQWtfUtpMx,C09CA01,2005-02-06,2004-10-08,2021-11-29,2017-06-26
foHGzNWWScKRXcRLHSlU,C03DA01,1995-10-03,2021-04-14,2020-04-18,2021-06-23
KPzTEgkrwbCMOtuSqjva,B01AA03,2021-01-19,2011-12-05,2024-05-25,2000-12-22
yADrXHCsLjOWJiKXTWQr,B01AB11,2000-02-09,1999-08-16,1995-02-20,2022-04-23
EBfVzHQwPdvZYRvKXIFr,C08DA01,2013-07-11,2020-04-02,2022-09-30,2016-08-16
BfjPoOSKPLSdoXizSHic,B01AA07,2001-12-07,2004-08-03,2006-01-14,2020-10-01
ZHtHdGRqpsgEGEHvzcxE,C03DA01,2002-10-19,2022-05-16,2009-11-12,2021-10-29
bQdwXdnHUTwbCOkSpRIm,C09AA08,2003-07-31,2019-06-07,1996-04-14,2019-07-06
GCiJcPfDTfclbvJrrQhy,C09CA08,2023-09-29,2002-02-07,2013-09-15,2016-11-04
ssKOgynayAwXYCMmYoqA,C03AA03,1999-04-23,2001-10-03,1995-03-29,2022-11-17
EAideSQctOszLnkOOCRz,B01AC22,2000-02-07,2021-11-24,2005-10-04,1999-08-08
CAgJvYXeIdOCJrNVkoSn,B01AF04,2007-05-23,2016-05-30,2011-01-03,2009-09-30
ihAdMzwminvAsAnBscPS,B01AE07,1998-08-31,2015-02-16,2020-11-15,1997-02-02
BebZPJkthRxZzvoNGPgh,C09CA01,2021-01-25,2007-10-11,1996-02-17,2016-07-29
ABurkbQHeTwvnEjpSBVO,C09CA06,2002-09-23,2015-06-29,1997-07-02,2001-12-03
FfDyqpOOpOhjcHQbWrjs,C03CA01,2013-03-25,2020-07-11,2002-09-30,2022-08-16
QfSDXNSxpEFElFagAwaE,C09CA03,1995-11-17,2014-11-19,2019-02-03,2020-07-01
XkHrHSSHvxNdHGfKnURx,C09CA01,2009-06-15,2011-03-15,2024-07-27,1995-11-09
LBHHJTXZAbtcyAacNtkW,C09CA08,2014-02-27,2015-11-24,2009-08-27,2020-10-19
qhdeloZioaURgJzSPXyr,A10BK03,2010-01-18,2017-02-06,2003-10-03,1995-10-17
DHkqHhKyBpuhDWoEvILv,C07AB07,2022-03-12,1995-08-29,2011-02-25,2024-08-14
EorJmrkkDdWSSDQdXmaV,A10BK03,2001-10-31,2022-05-16,2020-12-09,2017-10-23
qXUSPDfJpXthPqgJtqtu,C09AA02,2012-04-16,1997-06-14,2022-06-02,1997-06-06
WcUYBYUfKhBAixApaZtY,B01AB11,1996-09-26,2000-10-13,1999-10-30,2019-10-18
fBYDtcxaYkuveXMPTqDZ,C09AA05,2000-09-09,2012-07-15,1995-10-25,2017-08-17
BCvOhtriChKUDZfHyOCx,B01AC06,2005-07-28,2011-05-15,2020-10-24,2010-11-01
qOPEXRqOeHTwoHnTTNRx,B01AB05,2024-05-16,2020-12-03,2001-06-21,1997-10-06
BVQrpUhOkJcNtXEZGKOq,C08CA05,2007-08-17,2024-06-26,1999-07-26,2010-06-19
xmAasVLWRWCuekJQSXHK,A10BK02,2018-10-15,2008-10-08,2018-06-14,2020-09-27
cwKzmehRtMELYtXfKJqH,C09AA06,2021-12-28,1996-04-02,2023-06-20,2011-09-09
GEXHcfjlsCOdCVAJQcBU,C09CA03,2001-11-29,1995-12-28,2022-02-17,2016-09-20
EtMObnOcEVOCEyaEfNVT,B01AF02,2003-03-16,2013-04-02,2021-10-23,2007-07-11
UoHHKbblqBvhYhtwmvCM,C09AA02,2012-08-04,2023-11-13,2024-07-12,2023-11-17
TgknHLNcDPunZnpnGaBR,B01AX05,2010-01-21,2015-09-17,2022-09-13,2010-05-23
eIxWOTXEiruFkVTUGUIv,C08CA01,2013-07-12,1995-07-14,2015-04-05,2020-01-12
kScVPEzJtmtnxKewwpDy,B01AX05,2006-09-11,2012-01-14,2019-12-03,2006-08-31
MWVvsAvuoHiCOnldeUJb,C09AA04,2010-01-24,2005-02-19,2011-07-14,2020-04-22
YwaRcSxVPDZUDcIhfpOR,B01AA03,1996-07-06,1995-01-22,1996-06-12,2000-08-22
tMVJYoMxtwwaPybiPiPU,C09AA03,1996-08-26,2022-10-10,2008-04-24,2006-12-22
qeBODSMxdszciUhOPWTj,C08CA12,2003-06-28,2011-11-14,2009-01-11,2012-05-28
duUxyDxHTfMSKXsWGTjh,C09AA01,2012-09-03,1995-11-23,1995-03-10,2009-03-04
dzwfVEllqjqIcnlWNYDt,C08CA01,1997-07-03,2001-01-14,2021-01-20,1997-01-13
NHCRlEQxFbPEsYEJAFKO,C03DA01,2011-05-05,2015-12-26,2007-12-21,2012-05-22
EEyTXPvYggqsQvXRapBv,C08CA12,2011-07-27,2012-04-05,2003-11-30,2004-11-09
GHLkYcKBGYhSaPzzdEBI,C09CA03,2003-01-17,2003-01-23,2017-10-06,2010-06-30
LxpzybHsQXetNCYWCrsA,A10BK03,1998-05-21,2022-03-01,2006-12-17,1997-06-04
EQAEytxVIfcWAErjyEZi,A10BK02,2006-10-01,1995-02-12,1995-10-14,2012-02-23
mRWzPSpFAmoEBXCmFCWl,A10BK02,2002-12-29,2022-12-09,2009-04-17,2021-09-22
ZGhDFJtBfoCsqMnVpBvg,C07AB07,2007-02-11,2012-08-08,1998-03-09,2000-10-29
SUpPECPFAhkkkqbDWnFI,C09AA08,2003-04-24,2013-07-11,1995-06-02,1996-05-10
oUZtzflyRhbQDNweofMO,C09CA04,2008-11-23,2003-04-27,2019-02-27,2024-09-12
TlOgSlDCZsIxcYwiJOpb,C03DA04,2019-09-28,2004-09-24,2004-04-25,2017-11-25
bqCHiaxJnVdwoivdLhoM,B01AF02,2021-07-06,2005-01-10,2019-10-17,2009-04-27
ZyhUWXdpNVgEupwmdOSV,C09AA07,2007-09-17,1996-05-27,2011-02-01,2000-05-16
SQJTCNHBnhBpEAVdXFtD,B01AX05,1997-07-19,2003-04-09,1998-08-25,2015-06-01
EhHGdiSZPOsyLtsBZHfP,B01AX05,2017-02-10,2010-12-04,2007-07-25,2016-09-19
YEjNeYnpLIJkczGhKOpW,B01AC06,2000-12-21,2010-03-07,2004-08-22,2012-09-09
HWzQbvBENifqBwXSFHCQ,C07AB07,2008-10-09,2018-05-21,2002-05-12,2016-05-20
OwDZvhWomwOmGaxBckxG,C09AA05,2022-08-14,1996-10-23,2013-11-07,1995-04-29
HNPwWmtmXqJqPOJKGxwd,C09AA07,2014-10-24,2010-09-01,1996-08-03,2020-11-09
nxPSboYCeDtchNvrFvgB,C09AA05,2003-11-16,2006-06-24,2014-01-11,1999-04-10
zisvnBYfGRstXNpzilpU,A10BK02,1999-06-30,2002-03-19,2024-03-29,2016-03-20
DMlglTEGxFzMpGQQfShP,C08DB01,1998-07-11,2015-10-31,2000-08-26,1996-11-19
LBPZlXTMrAGgIDLQBBaK,B01AB05,2002-07-09,2009-02-13,2007-02-19,2021-08-18
DcmqysydZJITuBhOUYus,C03DA01,2016-05-06,2002-05-15,2005-08-25,2002-02-15
OZyzZZMpXqEliYKXGFSj,A10BK03,2022-12-03,1996-07-27,2020-02-25,2012-12-18
HiHTCZeYrpidOQalCFAk,C09AA08,2002-01-06,2016-09-07,2023-12-26,2022-05-24
eESBIeQLOeCbvMOvuuEv,B01AB11,1995-04-09,2018-08-12,2019-12-09,1997-10-30
ManjpFETJmnBkifQmOXY,C01EB17,2019-11-16,2007-03-18,2008-10-23,1998-06-30
XhzqdENsGTqXCDNxJJIw,B01AA03,2000-12-14,2005-02-21,2010-04-11,2023-03-26
oXxDOJDzbusgsnqzNWlT,C03EA06,2016-10-23,2019-10-08,1998-11-21,2014-01-30
MtqiddFPvWGZHmiTDnna,A10BK01,1995-09-02,2004-11-04,2019-01-25,2022-08-14
KSbJAHKYsOyMaqXQghzD,C08DB01,2005-12-10,2009-03-02,2013-03-21,1995-09-25
pzTgLLCnzqVbRwFHjvkq,C09CA03,2013-09-24,2002-09-29,2010-10-28,2008-07-18
gyGWKWYJTIRckSPYgOXC,C03DA01,2005-10-29,2013-07-24,2009-09-23,2000-01-12
tURXEApeeEaaKHXeQUev,B01AC04,2019-02-09,2023-05-26,2006-04-24,2009-08-21
WtiafGgMDhiknaFEBtRm,B01AB05,2020-09-20,2011-01-19,2001-02-01,2000-03-16
rhSSiigBiEbjmPrTMUqX,C08DA01,1999-03-27,2007-06-22,2019-09-25,2023-07-28
rqVhSVFTWFtGCjMwgFVt,C07AB03,2001-05-16,2002-08-03,2011-01-30,2007-04-05
CpLySvnylWOdbfXhfhLH,C07AB12,2007-12-10,1995-03-06,1997-03-29,2023-06-23
UuiPEenWpIXsCMScOXVV,B01AF01,1996-06-08,2012-11-09,1996-09-12,2001-08-20
eTrBNhOjAFBnxXhedroz,C03AA03,2018-03-09,2016-11-29,2000-01-12,2022-07-03
zjmyqPWbuPLFxKoFKfrL,C03EA06,2003-06-19,2005-01-01,1997-07-03,2014-09-24
SyJsjJkrWjipDqeulPEq,C07AB02,2010-03-04,2001-12-21,2010-07-09,2002-12-18
IVVUdbRvvxQYTFEZymvN,C09D X02,2004-07-11,2010-08-29,2021-05-03,2004-10-11
ajVRgKjLPwpKgiUNUfOX,B01AB04,1996-02-10,2005-05-08,2021-01-14,2021-02-07
JXXQzvikWDlAxfjehhNY,B01AB05,2017-07-26,2004-05-25,2002-08-22,1998-06-22
QkAoKIqhTfGkIxuhDvya,C03AA03,1998-06-01,1995-02-07,2007-04-04,2004-12-10
YhLvYEerfavbYldLXVsj,B01AF01,1999-05-07,2017-10-07,2007-11-28,2023-05-25
KBVTsFngEetfCAPNHhss,C08CA01,2019-03-22,2023-04-20,2024-07-20,2006-11-23
sSkhYcbtjOHTdRSSFlbX,B01AX05,2020-09-16,2012-03-19,2001-05-28,2021-12-01
QdSLyYnWnoamVXZOGBKp,B01AB04,2010-10-18,2016-12-24,1995-06-28,1997-03-28
PPEqZTetcLTvnUKBkCNv,C03EA06,2014-07-06,2003-05-27,2007-08-19,2000-09-19
VUdkqjZtOzSPanXudPoG,C08CA01,1996-03-08,2010-08-26,2010-01-05,2015-10-13
ijeIZAROSnHKVRwXEuLJ,B01AB10,2011-04-11,2015-01-31,2010-02-16,2023-11-28
atzJmnZylCCGaKfdnrsJ,C09AA05,2022-08-14,2021-07-23,2020-10-18,1997-05-19
ejEjmStqznriFmBlmwbL,C07AB12,2009-05-14,2005-08-27,2007-05-14,2014-12-27
NzgBPsqPFfGxlEiWBKGy,B01AC04,2019-08-14,2007-04-16,2003-04-27,2022-03-18
fYmwDiVOFngSmqYgDbeW,B01AC22,2008-01-14,2009-03-12,2004-06-17,2007-07-24
mjMMMhGaeLsAfDeYkgTI,C09D X02,1997-04-30,2024-01-17,1996-03-24,2007-03-22
lwGTXMRhEZxeZZWDraWD,C08DA01,2024-11-21,1996-08-30,2012-01-28,2014-01-18
bGUfSwhtQwxvckzrvvZM,C09AA01,1996-10-31,1997-10-26,2002-02-16,2010-01-30
QGlRerbHZJXqFlXYteyp,A10BK01,2012-01-21,2018-04-03,2008-12-25,2018-04-12
xAnKqVqQNlScapHATwyg,A10BK02,2006-09-07,2014-01-15,2011-11-17,2017-12-19
FvQzPulpQxDReiabuJNo,B01AC06,2022-05-24,2009-11-14,2015-02-22,2005-03-18
ExzTKDNTHbdaHOxLHprm,C09CA04,2013-12-15,2005-03-16,2001-10-13,2020-09-01
MCLQJFmwGoxgHYOrIkIo,C09AA04,1996-08-31,2005-02-03,2004-10-31,2002-06-17
NnqQTXFZmMpTciMHuDXy,A10BK03,2016-04-30,2015-01-31,2019-01-15,2004-07-17
zHnBQKAWrYUpAkryVlLD,C03AA03,2006-01-04,1995-08-29,2022-05-25,2001-11-22
bmsykeZqnMmSOYapFwTn,C08CA05,2001-01-11,2022-02-28,2007-04-11,2001-08-19
dRdscRakmtXpMUVAclFI,C09CA04,2024-05-20,1998-12-01,2010-09-04,2003-10-16
yMlSXaEWhtSjVhJvlNXa,C03AA03,2011-11-18,2011-12-09,1996-01-19,2014-07-31
OaxEeuoJDoLOdWvaoQzD,B01AA03,2022-05-05,2016-01-23,2012-01-19,1996-12-20
RQYAZnZYFpHKnKCvQnqx,A10BK01,2001-10-31,2024-06-18,2003-05-15,2011-06-24
qFlebJLEeSDUKoYpuQEZ,C09AA03,1996-05-20,2013-06-01,2014-07-03,2016-03-30
toSqGcHQMDqHOIivDwqv,C09AA06,1999-05-06,2006-01-15,2014-10-22,2013-11-30
lKtKGpXsOBnoSmyfkeAb,C01AA05,2000-05-22,2018-10-24,2002-05-21,2015-01-01
dRMZIPBHOICNvwIHhivf,A10BK01,2001-06-02,2024-05-15,2008-10-24,2020-02-08
HLSfqnNuSKNhlMvnZWSX,B01AA03,2009-04-17,2014-09-02,2022-08-02,2001-01-15
SMlzEGxBhSIXjfiTiUMh,B01AF04,2005-06-14,2016-12-17,2014-06-26,2021-11-01
migqyPlPzIBMpMgqoFSJ,A10BK02,2004-05-10,2012-09-27,2020-04-06,2017-09-23
hecTWEylAdkWvXfCoQiv,C03CA01,2021-12-31,2011-02-06,1999-03-10,2002-04-17
sYDgQfYTsSltAhMKexpf,C03DA01,1995-09-12,2012-05-23,2019-08-31,1999-03-02
TWiXJDpSwXtfwowaQRJN,C09CA01,2012-03-18,2019-08-01,2010-06-14,2008-11-05
eXqoOFykzVfcrDUGPmni,C09CA03,2014-08-24,1996-10-31,2024-02-21,2003-01-03
tmgIhBXHWFqOozAJEtxu,C08CA12,2019-09-03,2008-02-03,1997-10-07,1998-02-03
eRykuwmXNfYZMQMvzVBG,C08CA05,2006-04-14,2000-05-14,2019-05-24,2012-04-21
egUZMgCtHBJhYswUBRgY,B01AB11,2017-05-17,2017-04-27,2002-10-04,2010-10-20
eQxPzPFoNlLkxzxhrGdg,C09AA04,2016-01-16,1995-01-28,1999-06-12,1998-07-31
kGXlAqKqNRlrTXDzXOiD,C09CA01,2017-03-21,2002-11-27,1996-09-03,2020-11-29
vmVOZCKoyNrkoWyaxxSY,B01AB11,2021-02-08,2012-05-20,2017-11-05,2005-06-10
hPOXjVRQjakpvIgoOOoo,C09CA04,2011-03-03,2012-02-08,2008-07-11,2002-11-25
jLKKtiyHHBrEupMADjrV,C08CA05,2013-09-24,2003-09-26,2011-07-18,2002-11-14
ftVfInLLbadfqaYuSrTa,C07AB12,2001-12-18,2020-08-07,2001-04-06,2009-02-08
jmxYtDPnCTOSCUeiVQRI,C03DA04,2004-11-05,2021-04-07,2024-06-21,2024-10-22
WvzQxcXokqvEePLEOGEn,C03DA04,1999-01-26,2012-03-02,2024-10-27,2005-12-30
jBrJKSgmDAedQaaswuMQ,C08DA01,2011-02-05,1998-09-15,1998-02-23,1997-04-08
qnsUxDttywlFbEdTNgyY,C09AA08,2018-11-17,2018-03-14,2016-02-13,1998-08-14
jGNSeFDOePFuchUHFDTR,C07AB07,1996-02-09,2008-08-18,2024-05-07,2010-08-04
lULxhbeSNbjnjVPZgqis,B01AB10,2020-12-01,2007-12-06,2011-01-25,2008-04-18
KhJKRYTHySYqUsSJvsRZ,C09AA07,2018-03-22,2016-10-26,2023-09-21,2005-09-23
HJmyXWImEPMTDfxoQUWh,C03CA04,1995-12-26,2002-04-15,2024-07-15,2021-08-01
JBIYbqLmzOilrTboRRVS,B01AE07,2011-11-21,2017-02-16,2015-01-12,2010-08-24
JlfKAzayBXewyLyaqmHf,C07AB02,1998-11-09,2007-03-04,1999-11-15,2011-08-05
uYyguOFdNfIPyRsaKnpO,C08CA01,2012-12-14,2012-12-11,2024-03-05,2022-01-03
aDoHlTZcmaYvqinofqzl,C09CA04,2003-06-21,2011-03-08,2019-01-15,2000-06-30
DtiMhCppRLggWfeumMDl,B01AF01,1995-10-07,1999-07-27,1998-10-27,2022-08-02
GfnOvCtEucKwvVBgvOVW,C09CA04,2016-11-07,2000-09-20,2003-01-10,2002-07-13
RBlXbjGWArNoPBPqpKuc,C08CA01,2015-03-24,2000-01-30,2005-01-06,2024-06-09
PYAgAbFgFVYIIXqRrcgD,B01AF02,2022-04-19,2021-11-25,2020-07-05,1999-03-02
wGwmkizARhoFhZRxhdci,B01AA07,2020-11-10,2003-01-16,2020-04-03,2006-12-23
gfcugozOyMFdgARWPJsE,C03DA01,2023-11-22,1999-01-07,2013-01-12,2004-02-04
nYyhmGIekCqznDAeIlvq,A10BK03,1995-05-01,2018-05-26,2002-11-17,2016-10-30
PopguwScxEsuiEcnWjoT,C09AA07,2023-12-14,2012-05-09,1999-11-12,2018-01-27
GNOOhVbCWLtmaztRpbBJ,C09AA08,2003-07-25,1999-08-17,2018-01-15,1996-12-17
vquzrTwnJqlGsvOUqZuA,C09CA08,1996-05-09,2001-07-04,2020-07-25,2009-08-28
CxMuINEhMGQtkscMmvUC,B01AF01,2013-09-27,1995-11-17,2022-11-11,2014-11-01
UPWcuszIPQbFxLGHRccy,C09AA07,2007-12-24,1996-04-20,2005-01-18,2006-03-29
zIKLoQvMzZlaIxENKWyC,C09AA10,2023-12-03,2015-05-05,2004-07-05,2024-08-08
YMtIwlHgdebstOjhBGjx,B01AC22,2024-03-24,2002-05-17,2011-08-10,1995-06-11
ornaeEgJXSIXRlmtyGFs,B01AB05,2014-12-12,2009-05-07,2002-12-14,1998-07-05
EkOhvMTOmYLCpsCDsVHF,C09AA03,2004-11-23,1999-06-12,2003-08-25,2003-01-13
eYSJOniJlDUNqyXzwhmm,C09AA04,2015-10-05,2016-04-08,2017-07-08,2016-11-05
FfYQYMmeBoDzDoaroITh,B01AF01,2010-12-24,2024-09-19,2023-03-18,2023-12-28
pLTgNrXWxhBnRMydCmoy,C01AA05,2020-10-09,2009-02-20,1996-04-26,2000-03-14
xybaibfzppkCzilXfXOH,A10BK02,2001-10-02,2002-06-26,2019-10-24,2023-09-11
VxiDGEiwsCVQKDtfgXop,C08CA01,2020-02-08,2018-04-18,1998-10-04,2021-10-22
LFtUAOWrdEhvfRhDsAok,C03CA04,2014-08-21,2006-02-02,2014-01-08,2018-10-22
NZiyWzmovJdetPhVZWse,C03EA06,2021-11-16,2023-06-01,2002-12-28,2019-11-14
AZCsYzFOBjidivJYNVOy,C09AA02,2003-12-13,2014-01-20,2004-02-12,2024-03-30
gbGrFqhLFQWhOYTYyFxF,B01AC06,2023-11-05,2012-12-15,2022-10-30,2017-12-31
mZCZwiDMPJRsQvQwEDwf,B01AF01,2008-03-27,1995-07-13,2016-06-25,1998-01-05
VWMbFIVceqnlyEiWYmRo,C09AA04,1998-11-25,2015-08-15,1996-09-23,2004-11-06
OVYRASQEBhkgGnnleUbW,B01AA03,2018-01-29,2004-05-26,1996-07-08,1997-08-23
vGLfGecnnDivobJLmYUM,A10BK02,2017-12-03,2000-03-20,1997-07-23,2019-03-26
iOoDzZDwTZXQFDquHaxx,C03DA01,2002-01-10,2024-01-06,2020-02-04,2005-09-27
llXYbjBnyzSyQBloYLcS,B01AA03,1999-05-27,2002-07-04,1996-06-27,2001-08-09
mBoBJnUnWucpTiWgYChb,B01AA07,1997-08-20,2015-03-01,2006-01-01,2018-09-15
kEmQTsPvomznFdWdeokP,C03DA01,2010-04-14,2023-08-30,2019-02-16,2000-05-09
DBJMNNbLYRtmltRYdOqd,C09AA08,2012-02-05,2018-02-25,2020-10-28,1999-03-29
fAaVWQKIWIqFIdbhbcMQ,C07AB07,2015-07-12,2004-06-29,2011-04-11,2005-12-29
nFaxjnLbGqRYhtsbefQQ,B01AC06,2009-12-10,2009-01-13,2005-10-14,2001-09-29
eeWnIaPNDiDDctwNvGua,C03CA04,2005-05-28,2013-05-13,2018-03-09,1997-02-11
hSeDyDwMLZnxqeSKzcKA,B01AC06,2016-08-09,2001-06-12,2012-05-16,2002-04-12
RLsJVjFIUGUHTjmqanPJ,C09D X02,2005-05-20,2022-07-03,2022-03-30,2023-05-25
xwcPIPPGfKcJufXaNkYI,C08CA01,2007-07-13,2013-12-16,2003-03-11,2015-09-17
ZIdvPHYPsuOisDhjqylf,B01AC22,2005-03-17,2007-01-07,2001-06-24,2013-04-10
LDiwJxfVpNHhDKXRUOQd,C03DA01,2003-05-22,2013-01-27,2017-03-01,2009-03-01
sdShQdrQHrslgsmWAXCu,C03DA01,2017-04-26,2009-05-21,1995-12-12,1997-08-09
woBXZlOxmpaZJzVCtcXX,C09CA04,1997-06-20,2002-06-08,1999-10-28,2010-12-25
MPJRECpRtOYNsybXVLiH,C07AB12,2014-08-06,2013-02-25,2009-03-12,2004-04-24
kUlTsEGeJqRhBuXpyfHU,B01AX05,1995-07-05,1998-12-10,2021-05-17,2005-04-21
LoQoLIyleBUHfBpCMEwU,C08DA01,2023-01-10,2023-10-20,2009-09-18,2000-05-29
GdMREMChozvuHXwsnGax,C07AG02,2000-07-30,2007-08-10,2007-01-09,1998-06-21
BXWaBfFKinksEuQSdfau,A10BK02,2011-09-27,2010-05-16,2000-08-07,2002-01-12
IXYnhHfWmSNhhEjXqDEA,C03CA04,2011-11-08,2007-09-10,2018-04-29,2021-02-12
kReXwbYJbGVLJdfweZSs,C03EA06,2008-10-31,2010-09-01,2000-04-24,2001-09-08
EcTZBwNKSIuffMFeGUxP,C09AA04,2008-11-20,2016-01-21,2013-04-28,2020-12-17
jvSqwLjPhXqKyWfDIJFZ,B01AB11,2011-02-17,2013-03-10,2011-09-22,1997-03-17
CdygXHVFguAhnUeBIbMy,C09AA10,2019-07-04,1995-06-25,2012-12-31,2023-05-03
osMAZvdSHGFhKOqAsVAS,C09AA01,2017-11-10,2016-09-20,1995-07-23,2022-02-02
BMfgVbbidJagPNbtoNYl,C09CA04,1997-10-03,2011-11-07,2005-10-28,2009-04-25
bXAFojVFRbPDkupTKsNv,C09CA04,2000-03-11,2007-10-18,1996-08-29,2001-01-23
GJgYsEJceuTVsWHRqxjx,C07AB02,2000-11-07,2013-09-12,2008-12-11,2008-07-01
wokmeOQTgshgFQyMGRGU,B01AB11,2001-04-21,2005-04-26,2013-04-02,1995-08-16
PyejLWwRHaGUaXUGElQT,C03AA03,1997-01-22,2018-10-04,2007-06-10,1995-06-24
EbYvtpSciZPtGWUPZYwm,C08CA12,1999-01-27,2021-08-09,1999-09-09,2016-01-06
suxuqkfnkfpQGJdNzCSX,C08DA01,2003-01-27,2003-04-16,2010-09-16,1997-01-10
uvCrrxZfiWxtbnivdzoG,C07AB07,2004-10-04,2004-02-05,2005-01-20,2008-01-17
bJwqivhwxrnCAvhRaBrh,C09AA06,2015-04-07,1997-12-18,2014-05-05,2007-11-07
rwKsDCBwFkpnEgtXhDsF,B01AF01,2013-10-07,2013-03-04,2008-02-15,2017-03-03
lTcEfNtLBXIOyGJDnWOU,C09AA04,2006-02-07,2007-07-06,1997-10-10,2008-07-29
XPJzVHceBeBoktoHgmnU,C07AB12,2007-02-10,2000-09-17,1999-05-02,2005-08-09
xhkYYkCXNuByNnVoBQZq,C09D X02,2019-08-19,2011-12-11,2011-07-08,1999-07-02
iwEniHqqFjXMOfXyptyX,C09CA04,2020-06-05,2006-10-01,2001-04-16,1997-12-11
OKQkknwOxvPwwWGYmTqc,B01AC24,2021-02-05,2010-07-30,2015-09-27,2022-10-03
YHXPQoPdrTvNSikKgmzU,C08CA12,1996-09-10,2017-06-23,2021-04-24,2010-03-08
bZVAhPFeGgohiYCNANFK,C07AB03,2008-07-12,2004-06-26,2006-11-07,2014-01-08
bFBAUdlqJFNKSpATsYWE,C09AA10,2024-09-11,1997-10-20,2016-02-04,2011-11-25
xtJJDJyqCsnnAzZVqvkC,B01AC06,2019-01-01,2000-12-29,2004-09-27,2012-11-24
trKlmzXzgqxeENbluKSe,B01AA07,2021-09-14,2005-02-22,2018-04-21,2001-02-09
ktXHntKosiolZQVnmELV,C09CA03,1997-01-30,2008-10-31,2022-11-22,2019-10-16
RkDkXVvCouWufwXWMsqE,B01AB04,2002-02-16,1997-12-14,2002-03-18,2012-07-20
hfqKqvExUIHuCxCDhSci,C03CA01,2000-09-22,2019-12-20,2012-09-11,2001-03-27
bRfpWYHkzRgDgIlkptQe,B01AC06,1998-12-24,2011-02-10,2011-09-06,2000-02-05
bfEFrWFloSHOQdHkJpGM,C08CA12,2006-12-31,2008-07-04,2007-06-02,2001-09-10
DUxYilFjBqcxsVKWnPeR,B01AC24,1998-07-14,2014-06-20,2003-11-27,2020-04-03
jgoWsyihNzAPINhrSecz,B01AB05,2011-03-01,2023-01-20,2002-06-11,2018-05-24
gbCnPxMlFGHXupzCLunU,C07AB12,2000-10-16,2013-08-04,2003-09-07,2024-07-27
nppQHWKrFwmbFBHonklA,C03EA06,2021-10-17,2008-12-07,2001-01-15,1997-10-09
JnDynralswDoxvoAqDhq,C09AA06,2021-08-17,2002-01-10,2019-04-23,2012-08-26
EEcWhJuUwKZvJNnIlRNj,B01AF02,2013-02-19,1995-04-25,2014-03-14,2018-04-15
IYlDJIMlgXRYlGYZOIFs,C03AA03,2024-07-07,2001-03-15,2015-08-19,2000-05-10
knxWvTEHwZPFKbPLkgPs,C07AB03,2020-06-29,2001-05-08,2008-08-09,2022-05-18
sLmxwioMMYdxYjnVvpHH,B01AB11,2012-03-27,2008-01-16,2002-11-17,2002-07-19
efIhgxvdmKPvnXIJHyhk,B01AA07,1999-05-26,2014-08-15,2012-02-17,2012-02-19
zqyOVdrLFoDMiRmPoxAY,C09CA08,2014-09-25,1995-04-09,2007-06-25,2020-02-26
rmpGHPPTcEFatEHoTAMW,C09AA03,2016-04-17,2022-06-21,2018-05-02,2003-04-21
DjfvGhFQVtXlbpZwyedc,C07AB12,2013-05-17,2000-02-13,1997-03-08,2016-04-05
sbiKhsjixxQkFmAHixEb,C09AA10,2009-07-26,2023-09-22,1997-06-22,2017-02-12
NZUKlwguFSPJzhugetMl,C09AA06,2010-01-01,1995-12-18,2015-11-30,2007-08-02
GYqtjGJTeGtwaTNpOIEE,B01AF02,1998-01-30,2023-02-16,2015-12-01,2005-01-26
byIdtIUDvkMnFuiOHgXe,B01AB05,1997-07-06,2004-02-25,1999-02-24,2015-07-27
JQuCtyXRkDvaHgMvFQeY,B01AF02,2012-02-27,2013-04-05,2018-05-22,2011-02-26
vwKuomMwfadHMGVCkUQH,C07AB12,1997-03-17,2000-10-18,2018-07-18,2015-02-26
PMMmiJzLlPJMboKqknoG,B01AC06,2000-06-08,2013-09-03,2003-09-01,2006-09-27
MVSOZmpiabLHSXOIDJLx,C09AA01,2003-04-07,2011-02-20,2019-06-25,2016-08-05
sIxgfXkPCGHKQIxaTCWg,B01AX05,2014-10-10,2003-05-01,2004-01-08,2004-07-09
yOSvVIucgizRIyDdkqwE,B01AE07,1999-11-26,2005-10-22,2001-12-23,2019-01-29
jllYxvwWuPdfgMOeDLJJ,B01AB05,2007-10-07,2013-08-13,2002-04-01,2021-12-27
HCByFeniGBmpLaYaGune,B01AB04,1997-09-11,2008-10-05,2008-02-08,2000-02-08
zLCfqTCMywhWIbbcUdLW,C03DA01,2003-12-07,1996-06-25,2011-11-04,1997-01-12
wrqeUXWbYllrCmnvOfXx,C08CA01,2018-01-14,2014-09-06,2010-11-19,2013-11-15
IUZYuwnhxTcOMlrLWVhu,C08DA01,2020-05-14,2011-07-20,2013-05-13,2017-09-05
gsceLcKUXKbvDKYaSLJe,C03CA04,1998-02-14,1995-07-21,2023-01-13,2020-09-30
wNIzlanULZfvMioTkgvw,C08CA01,2012-05-18,2020-04-25,2019-04-17,2024-03-06
ATjDdfxmAFYZZpFPaIiV,B01AF04,1995-05-25,2007-10-07,2010-10-28,2024-03-26
bLZkpqVwunDrAoDxuTgK,C01AA05,1995-03-09,1997-11-29,2005-01-30,2017-06-20
CnWljuXeDiTLEvCNdUjN,C09AA01,2000-08-13,2021-10-18,2004-06-03,1999-02-17
ZAhdEMSJQBhVPvmqgTyB,C09AA07,1996-02-18,2015-02-13,2009-09-20,2020-05-26
rQmJvrPnuQYRgKUQPRcl,C09AA07,2016-06-01,2013-02-22,2004-04-26,2020-03-12
ksmTewzmmRqKUgntNKKI,A10BK01,2001-03-23,1995-03-20,1998-12-07,2005-08-04
aqmHuyepcvccWbGhgmYv,C07AG02,2001-08-25,2020-08-08,2022-05-01,2018-10-25
nZOZsxMshvMLkhFyUBwh,C09AA03,1996-10-13,2024-08-16,2002-10-24,1995-03-08
YdrKzgZkNgkQBnLzslsj,B01AB04,2021-10-18,1999-06-12,2005-06-11,2004-10-22
JgkbACrdDHFGankUiCnS,C07AB07,2005-07-05,1999-10-25,2001-11-01,2021-10-09
drBWDwGsaohXrPTQWinn,C03DA01,2014-07-16,2004-04-02,2003-04-25,2020-08-09
jgAdjhTyDSQHZrcgibvq,B01AC24,2001-01-21,2012-04-03,2005-05-04,2015-04-15
WvwMisTcXRKLfpEzLjcY,A10BK01,2011-03-24,1995-10-26,2014-01-02,2023-05-13
neGkTqraaaHHAZdVxCCe,C09CA06,1995-12-14,2001-08-30,2002-04-16,2011-12-13
vRgWtCvYMBtHpVdSXLPo,C07AG02,2020-10-27,2000-03-31,2017-10-20,2002-06-12
judofXPFqjzwXNvTzZgZ,C01EB17,2019-10-20,2016-05-20,2006-12-28,2008-05-27
uVjCVSuaFplgzxRVPUgY,C01AA05,1997-01-20,2015-08-31,1999-11-20,2019-06-14
TnFOEsCleLrSOkkFEPIM,C09CA01,2015-12-25,2007-08-20,2016-02-21,2019-02-20
GYeEUBeAFVwhpfaHroQK,C09AA02,2018-07-29,2010-12-03,2003-02-05,1999-06-19
XXbCpDONpcfWgXqQrCmp,C09D X02,1997-07-27,2007-03-24,2019-03-06,2007-11-22
wzhajFgBeaZjCOTIWPZs,C03AA03,2015-05-04,2016-08-08,2022-04-17,2021-12-24
NJMEmKCrEUIpjVbNRHiJ,C01EB17,2008-07-20,2001-07-06,2024-03-10,1998-07-01
pCOswhFSpAYbCYMLnxGp,B01AC24,2020-03-27,1998-02-25,2000-06-22,2023-05-12
wlRsiNEPfBPZbwBZFKmv,C09CA06,2018-10-30,1997-04-08,1995-02-16,2024-01-27
QACyLrWnsjpJkulDPRgB,B01AX05,2003-11-24,2010-12-30,2013-06-04,2009-10-20
bfBDhZwyFPYYJNnkgPpV,C07AB07,2005-02-24,2004-03-21,2006-05-10,2010-04-01
raEjAMrmVRWqYjoGbPTj,B01AC04,2002-04-22,2016-10-22,2004-08-23,2009-10-22
GrCVgcFmpPcnwAWkJwPU,C03CA04,2017-06-13,2002-11-01,2011-02-17,2017-11-03
NvNLxbUUBgWFSJUKZHNP,C09CA03,1999-06-07,2007-02-12,2002-06-18,2006-06-20
uoKDDcFrMRZKEmcvNWgQ,B01AC24,2018-02-08,2024-03-26,2007-08-31,1995-10-08
ckUtiDFSxLxOFCbTywku,C09CA08,1997-03-14,2000-02-12,2018-09-29,2010-12-02
dWWZTWlmxDueOrJcqADb,B01AC06,1998-09-18,2006-08-04,2012-05-16,2014-02-04
WAOLVUUnVEnvdoycfGiq,B01AX05,2004-06-10,2011-11-16,2013-06-15,2001-06-07
DwZjGWuaRIClzkNSsOWg,C09AA06,2000-08-07,2020-08-02,2010-12-09,2007-11-05
OhfJUpOJOdlKXPgGaZlq,C01EB17,2017-11-29,2003-06-14,2005-03-16,2006-11-17
QjqRCTIZPpUOnKyxXnXJ,B01AB10,2011-08-09,1999-03-18,2014-02-07,1995-07-03
GrSskVNPwPDEsYsqabNf,B01AA03,2008-06-30,2011-11-05,2006-03-25,2016-07-03
TVIdpquxyOJPtMytNrDA,C03CA04,2005-12-14,2010-06-30,1997-01-30,2019-06-16
QrpicBXLQxomlVtPiqMr,C07AG02,2022-04-09,2012-03-09,2001-12-28,2004-04-26
SwUKGPckTbaCzoGnJkZJ,C09CA08,2021-03-20,2005-10-25,2021-01-31,2007-11-09
hYqgiailEkXKbytfCSdX,A10BK02,2023-02-20,2015-05-22,2002-11-27,1997-07-01
kjlQVVUEgPHHOJnJzflm,B01AX05,2020-11-30,2015-12-04,2011-06-25,2013-06-25
pwsKiunWddwsnwptEgeW,B01AC06,2011-05-06,2006-07-16,2012-10-30,2024-03-11
xodRNXVPiIMWusJTDTQN,C03EA06,2012-11-20,1995-07-25,2004-06-25,1998-08-17
mdNrKWrGYlFwoPNOjIzV,C07AB07,2001-11-01,2021-08-17,1998-04-13,2010-04-16
UYCnZLtWVxPobyVqKmJM,C07AB03,2017-04-23,2014-08-13,1998-01-28,1997-05-31
emabqwROCwbTsqguloWf,B01AX05,1995-04-03,2007-11-19,1997-11-06,2011-09-03
IXvvBRmnEGrQwYIBSRiA,C09AA02,2000-07-29,1995-08-30,2005-02-16,1999-03-25
LMojCpTacAHdRRlAzDqy,C07AB07,2011-08-22,2006-02-23,2002-04-26,2011-08-20
QIsVzjcKZuWFyekmTpJm,C01AA05,1995-12-25,2011-01-31,1999-08-06,2009-11-01
uqVZgGCfdoEQpfiBHXSa,C09CA03,2022-08-19,1997-10-12,1996-10-06,1999-04-09
fwNRFhYvkcxiWIekakyd,C07AB02,2008-04-14,2017-09-02,2015-05-16,2004-01-29
XeCKadlyCVSGrDkllkJa,C03DA01,1998-10-21,2006-01-01,1999-08-05,2015-04-30
UglKoWPjGdxCGlqKAxRu,C09CA07,2001-12-12,2001-11-15,2016-03-11,2016-02-19
goLzrYWPlPrOWVeDjcOk,B01AB04,2010-12-18,2008-01-30,2012-02-15,2003-02-02
VHQwvgGLZMybfPGBZovg,B01AB10,2021-02-10,2005-08-17,2022-03-18,2013-03-12
SWtQlIUAxssDypYfjKev,C09CA08,1996-03-15,2014-10-02,2015-10-01,2019-01-02
oArlJaygTILnWyEpAAeg,B01AX05,1996-06-09,2014-04-30,2001-10-11,2018-06-11
fOGfJvZMuHkhmfqlxDFh,A10BK03,1996-09-13,2008-03-04,2016-03-25,1995-12-19
AYWtclKdImNnssflTwuZ,C09AA01,2007-10-18,2006-01-30,2018-07-06,2012-03-30
rKXKghEBOrcyodWKqzEm,B01AC06,2002-12-20,2017-01-08,2013-04-23,2001-06-14
REhyPUtUjhNRMdWBmIeV,C09CA04,2003-07-12,2001-08-23,2021-08-19,2016-12-08
AqsMRDKMknSVPzkcVueE,C09CA06,1997-09-05,2020-02-19,2010-02-08,2002-08-20
cyklnWVXhtUkspXCErIQ,C01EB17,2023-06-05,2002-03-04,2011-05-07,2024-11-17
SFyiYOlRQmlPFcBoVVJG,C09AA10,2011-03-16,2007-03-29,2003-12-17,2022-04-11
DiANJyRZLDdFvwKuJIGI,C09AA01,1995-11-03,1997-05-24,1996-03-01,2021-05-27
KNmycPsLkpMUFPazBOZh,A10BK01,1995-11-06,2011-12-04,2024-04-18,2013-02-26
QAfGbvxpVgdqXOhcKilQ,C09CA01,2010-05-01,2003-01-21,2005-11-17,2012-09-20
KXoIziIRPmRQTUVlicuu,C07AB02,2023-09-12,1999-09-19,2019-04-04,2012-09-07
KSOgCNxXWCRXaQsnJHcd,C07AB02,2024-11-02,2007-04-25,2013-11-23,2016-11-15
CjiuStRjGfXPaEEFFhXc,B01AF04,2024-10-12,1997-03-25,2011-09-08,2011-07-02
MvlqmkmABmcJvpzokgCU,C09CA04,2004-05-18,2005-10-23,1999-10-23,2006-07-03
TRjmNQYtWRxYXoDWGrbC,C01AA05,2008-12-18,1997-09-07,2001-07-10,2009-08-16
ZNqyZUYnpFigXKjhqhos,C09CA04,2021-06-29,1995-10-12,2011-08-12,2007-11-25
RBPRtxRWufhDhRHBbEYA,C09D X02,2004-02-07,2004-01-01,2001-11-05,2004-05-30
RwiRGmnpuEGHvfHnlpQa,B01AC06,2003-08-14,2023-06-28,2021-02-10,1997-10-16
MHbWulXYFFUmHNvooruD,C09AA08,2021-07-15,2015-09-26,2020-06-18,2002-10-28
oAXvLLyEyHlTrNZEcEyw,C09AA08,1999-02-02,2004-04-16,2012-11-24,2015-04-26
HeywrTYOEhTbPqLOHSGu,B01AC04,1996-08-07,2014-08-05,2006-04-25,1998-01-23
nneNbQOfKyJrfboEiXKg,C09D X02,1995-05-04,2015-01-12,2002-10-21,1997-02-12
AaAeQRYnAioPKPrRlPyz,C07AB07,2017-12-22,2017-06-08,2002-04-06,2019-10-06
pKkilTTOYsiFdRHWssrB,C09CA06,2000-10-04,2015-05-08,1996-05-28,2013-09-11
XKlzdcBxruucnwEBLtKT,C07AG02,2000-08-23,2000-04-13,2008-02-08,2003-04-06
hAMWyTVPTngmGfGqgykO,C03DA01,1998-11-24,1995-12-22,2021-04-01,2002-03-04
JvlNzmKVKvmPfbjrgdxA,B01AF02,1999-09-04,2014-11-03,1998-07-05,2009-09-29
ROUaSQDDrRtbWeXFRnrE,C09AA05,2002-05-16,2016-09-29,1997-05-11,1996-07-23
kpQiCcHeBAkhXtYURzoy,B01AC06,2005-04-08,2008-08-15,2022-09-28,2011-05-20
ZWSdDjxscIREOerCdYTz,C07AB07,2016-01-29,1997-12-07,1996-07-13,1996-03-31
MtUOWCwUtMnkFQGmhZTM,C09AA04,2002-07-03,2011-03-27,2009-04-29,2011-09-04
yLcUHEEoUUKmTaxQXCbl,C03DA04,2017-04-05,2004-01-19,2022-07-21,2009-11-13
WShxuTcYqIexVptjDVis,C08DA01,1998-02-10,2022-01-15,2023-05-14,2021-02-19
xlXlgiGLRhxACFWJabHU,C08CA05,2019-05-03,1996-06-19,2022-10-13,2011-07-08
rLyWBhHhWxPYQbcHgEeq,C09AA02,2009-05-01,2013-10-24,2011-05-24,2022-08-17
QqlHPNhwsEjBncnsLhPt,B01AA07,2000-07-04,2007-10-31,2004-03-16,2019-05-13
RAkEsOVrDtKsqEgoGCUe,C09AA04,2016-06-12,2008-01-31,2008-07-25,2004-08-01
xrKEGYuSwTLkpAmKMuUJ,C03AA03,2021-09-26,2008-10-27,2009-11-10,2020-10-15
kROWhhtdrQzloyElsmdr,C07AB03,2016-04-16,2024-09-14,2013-01-05,2015-01-15
yuzYzYPAcXjlCJMutrpv,C08DA01,2001-03-20,1995-07-30,1995-11-13,2012-07-21
imrNwDsoLNtNFNzjCInD,A10BK02,2016-10-29,1996-09-27,2024-07-10,2019-09-20
aYAnDjBqLQHqfxgYuRmi,C08CA12,2005-05-30,2014-07-01,2024-07-28,2017-02-08
GFPzoFMTLPhYwZvvFuNn,C09CA03,1996-10-18,2015-10-09,2019-08-03,2016-11-19
fqKszMzwDbVuJcopGIOI,B01AE07,2006-11-25,2018-11-16,2002-01-12,2023-09-08
mkJpDZAQuoNfdksjjkhn,C01AA05,2019-06-14,2007-04-24,2003-01-05,1997-01-14
hXwHuEHEjhAfFKwYDTcP,C03DA04,2000-04-29,2022-12-02,2014-04-01,2017-12-02
JoLAbxUWbLKjwcCuuaLG,C01EB17,2011-04-21,2006-07-20,2001-12-26,2004-11-03
pLlwBCgZHOlOEitasjhs,C03CA04,2020-08-03,2018-06-18,2009-02-20,2014-03-24
thfjJXEPzGIlPwfoyTDd,C07AB12,2018-04-07,2009-04-13,2010-05-14,1996-01-10
ydpaBTFRNNToASaWviTA,C09CA04,1998-07-01,2000-05-19,2000-03-23,2021-07-30
DqGPwqOtWyFUVQxETyKd,C09CA01,2014-11-14,2022-01-08,2020-04-10,1995-11-21
VwxGtgItAIKsgrNejmeM,C09AA03,2014-09-06,1997-01-15,1999-12-02,2003-12-21
QVPqzHZFCkpkSNEkdEef,C01AA05,1998-11-17,1997-07-31,2016-06-11,2012-08-09
GmCPZLwysaSRVsZhXsmV,C07AB03,2011-05-07,1998-06-12,2000-08-14,2021-06-29
qKXJfDTDLsWEGzRSDDyy,C07AB02,2018-10-15,2018-05-25,2006-11-29,2010-09-06
WAOJBqMENwjdXMhpwcTh,C03CA04,2011-04-26,2012-10-17,2014-03-11,2012-03-17
TxUhBdqiIOSvSqdLKaNq,B01AE07,2023-03-13,2013-01-11,2014-01-29,2011-09-29
mwuGwhXOKvKoGGSmBjaE,B01AB04,2008-03-23,2021-01-21,2011-12-25,1995-03-13
XUakfmzVrhgeDESSlxMz,A10BK01,1997-01-24,2002-03-26,1996-03-02,2012-05-29
qvavHTjKKasJZwWuHexa,C03CA01,2020-09-17,1997-09-03,2000-03-22,2023-08-05
nmzXqdhxcaYoTAGYQvDQ,B01AC22,2008-08-11,1996-01-04,2005-01-08,1998-05-31
zQTKFQpCTigskQxGiGvk,C07AG02,1997-08-07,1997-02-23,2014-07-21,2010-05-20
AnrYLItobvJVsEAbIZes,C09AA10,2004-02-01,2008-11-29,2015-03-22,1996-02-28
TUCGeYsWSdwLXlWBeJet,C03CA04,1995-06-14,2018-04-26,2015-09-08,2003-08-02
zyPPEOFiXjherxtFJuia,B01AE07,2024-04-09,2004-08-25,2021-08-02,2008-09-14
NpWIAupfOEDmHrBzGGnu,C09CA04,2014-01-20,2020-05-27,2021-10-07,1997-01-13
pNMREsQLeviwdjxgEWwZ,C07AG02,2009-04-05,2002-06-10,1996-05-22,2009-01-19
hTmmaElxOEpquMDeIQzc,B01AF04,2024-11-18,1995-06-15,1995-06-28,2019-01-12
AAeRTxdlpajhTVvWBSJu,C09AA03,2012-02-05,2005-10-12,2010-11-23,1998-08-08
NFjQSQbIcMotAMQuJFZe,C08CA05,2003-09-10,1998-08-28,2024-05-01,2023-04-07
TpzPFnqgrlBKUDSkdfuc,B01AE07,2018-06-28,2017-03-23,2013-11-08,2016-03-11
ajAgoGkWvMdxtyvKFGyw,B01AA03,2018-03-22,2009-06-12,1999-07-06,2003-03-04
XlwnTkVXzATUcFZhUbyC,C08CA12,2023-10-20,2024-06-25,2017-09-29,2022-08-09
vVpZkQcohdVkNurXeEzw,C01AA05,1997-06-30,2013-08-08,2012-05-14,2011-03-26
JvtFkOHWwCwLoxZKcTvl,B01AC04,2013-04-13,1999-12-17,2020-02-26,2019-10-24
AMlHdGfMJeFoKqvYFfJO,B01AF01,2023-04-08,2012-10-25,2009-06-05,2018-12-21
KjbDUrrOBlyZiBqGmBKl,B01AF02,2019-08-25,2002-08-18,2024-10-21,2002-06-07
horqQbHRrrECARJkfngC,C09AA06,1998-09-19,2004-02-06,1997-03-18,2001-11-12
FJJuIkGqncrWFdeHEJPP,B01AC22,2022-03-14,2007-11-25,1995-07-30,2012-06-10
NrYLDJZDiUQVWSJedLFw,C09AA04,2024-02-02,2015-06-30,2011-12-15,1998-02-22
oYPLhsqvTjPpuWPfqlXm,C08CA05,2016-12-09,2010-05-30,2001-03-03,2021-12-24
paHyoOyGivniDpmOTjfX,B01AF02,2016-07-05,2007-06-21,2017-02-08,2007-11-18
oTBiBISVhlcVwqUMBJcm,C08DB01,2011-12-06,2024-02-15,2014-10-19,2009-04-04
uTVMIPXuqVJXVvmQARpu,A10BK01,2018-09-08,1998-03-17,2018-11-24,2018-04-29
jEofPFfojfICbGKKAlMO,C09AA07,2022-03-19,2012-02-12,2010-03-10,2020-10-05
hRdQFMOTHnFpiBuBXOEB,C09CA04,2006-05-20,2006-03-04,2001-06-22,2018-11-14
zEAgHHfjMEZjkfMcEWTC,C03DA04,2000-10-12,2025-01-10,1997-04-01,2009-10-12
PFVPlqdBMJkyhYyaCdJG,C03DA01,2009-09-28,2016-04-29,2018-01-24,2022-05-03
zIzvKAEsDuOdkYlbpPLt,C09CA04,2016-05-31,1995-02-18,2008-03-27,2010-07-30
hkiOZWIejapjmUTYpjYO,C07AB02,1998-03-25,1995-08-01,2008-05-18,2000-08-14
LopQAwFerBjTqmwnYuUV,C03CA04,1998-05-08,1999-08-26,2011-11-26,2022-02-08
AVgQgNOctUWKdnYGcaQw,A10BK03,2005-11-27,2020-11-16,2006-12-16,1997-04-05
VhapoNfvsaSkEacztTFE,C09CA03,1999-06-30,2016-02-01,2007-05-09,2006-01-01
BsPqabvlXqmnxVeVwhtr,C07AB07,2005-10-14,2015-09-01,1999-07-29,1995-02-26
zmdmmycrJXejwwYzPjAE,C01AA05,2018-10-22,2002-04-25,2007-06-01,1998-12-14
NCWTORttAflHzeCHRJgd,A10BK03,2020-10-31,2001-01-20,1996-07-09,2012-05-04
SNhzMpGjGQTTibUnKoJN,B01AC06,2013-04-21,2010-10-30,2005-08-29,2002-08-12
dgSGnDhIzOSYWGTWimqd,C09D X02,2023-05-12,2003-03-12,1995-07-03,2002-12-24
OlyiajBiTMFyFARLqtdx,C09CA07,1998-11-10,1997-11-09,2001-12-13,2024-02-14
cMADYFnXzIIEsuDOOcUW,C09AA06,2014-12-04,2014-05-03,2002-03-01,2010-09-19
BOCioBwlnYlLvjmoPGuo,B01AF04,1995-10-23,2012-02-14,1998-07-26,2004-01-10
mAdPXxVeGiUbVHhdsWqI,C07AB12,2024-02-18,2004-03-25,2009-12-06,1997-12-07
ZVGERIBLbXusclbWAmRO,C03CA04,2012-04-30,2004-02-14,2011-06-26,2018-01-19
NgBIHZxnddopuROSYtMl,C09CA04,2016-07-02,2002-05-23,2007-07-27,2012-10-13
JeBWcBsCfwrBZOTwDkod,C08DA01,2002-09-19,2019-09-29,1995-05-29,2016-10-22
bwPJpAbdNMWXMGgDCPmR,B01AB05,2010-08-29,2012-08-28,2010-05-22,1995-04-05
qaCvQPdHqSfnSCVFZVbs,C07AB03,2018-08-28,2015-04-28,1998-10-29,2022-10-06
QkJBOwFYjMGrKoFxibQs,B01AC06,2012-05-25,2016-06-04,1995-02-07,2008-08-08
gogcVSLiUNkgnxMblyRD,C09D X02,2001-08-22,2019-04-01,2012-03-03,2014-09-14
redLcsuqdRDXUqgTESxO,B01AC06,2012-06-17,1996-08-01,2017-08-10,2007-06-07
GwpNzswDXCNzJBKBjYUm,B01AX05,2017-01-05,2003-05-21,1998-02-25,2014-01-11
dGHRismgUkhWFRMKNdfN,C03CA01,2021-10-17,2011-09-19,2016-09-09,2000-03-09
oKxtZcfHSDyOVvEFqTlB,C09AA06,2018-06-21,2016-11-24,2013-10-26,2008-09-21
tvlNsTXdipjXRUcXuhbg,C08CA01,2013-04-18,2019-07-02,1995-07-04,2019-08-09
sejpHkGEmCdPJLnDkSeG,C09AA08,1998-08-13,2016-08-17,2023-03-17,2014-10-21
tBgufdpZEOrGkMacBUNC,C07AB07,2010-11-28,2017-03-23,1996-04-10,1998-12-04
PyQbPUEHYpmzxXUhzgZj,B01AC06,2003-04-21,1998-08-02,2003-05-27,2005-04-13
iXIJdbjoNFIcVRhXQxcr,B01AC06,2004-03-25,2022-12-08,2019-08-22,2016-09-24
wtixAlzkuDXpTcjXUZLu,B01AC22,2021-10-25,2011-08-17,2023-06-04,2017-07-05
CgbdbCTCgYCtgqfOqFks,B01AC04,2017-04-26,1999-12-21,2005-08-04,2018-01-20
VWhyFrvfFvlkdktpIgZm,B01AB04,1997-10-04,2014-11-04,2008-01-13,2008-12-14
rFQDSloxtqpyxqLdskKp,B01AB04,2003-06-11,1998-11-02,2023-02-19,2013-02-22
JXGnyJtVIKlvFFgMetpg,B01AE07,2018-02-27,2014-11-25,1999-01-26,2009-06-09
AGgHWImrGUwHenBFZbJz,C03CA01,1999-03-10,1997-11-25,2022-01-13,2009-05-12
vBjSCBLwBWGfvkHzEldC,B01AF01,1996-07-20,2002-08-12,2003-03-21,2000-12-09
mYEpTWzlpZNzWlNPDvcd,C08CA05,2007-02-08,2023-08-14,2016-07-31,2015-04-19
DtRQfWRraqewVGSijvJF,B01AF02,2010-03-06,2009-02-17,2019-07-10,2013-12-26
TvAQANqaZUjIwaOLtbjL,C01EB17,2024-01-18,2023-12-27,2004-11-25,2018-09-19
naPyGLcVnmQmRAXsrioE,C09CA07,2022-08-14,2008-07-31,2022-09-17,2002-09-20
gffgWDkpnkhoMmvtuYXC,A10BK03,1998-02-10,2014-12-29,2016-05-06,2020-05-21
IXaUmjhovqugccnZPjKi,C03AA03,2021-11-17,2006-11-22,2016-11-20,2003-09-27
sqkCIOKLoKNOAYuriLig,C03AA03,2024-12-14,2016-07-25,2005-02-10,2020-08-19
UGEXDAzOXtwLCRyfifpf,C09AA03,2000-08-09,2007-01-08,2015-09-29,2022-03-14
XsOEbyDunCbyPcqyJiLw,C08CA05,2008-01-15,2003-06-19,2015-01-20,2015-12-05
vokfuizYmpbmsuciGsOj,C03CA01,2008-10-25,2024-03-20,2020-04-29,2022-11-27
HVwDDDicRANRlXDhVleC,B01AF01,2009-12-21,2018-09-20,2022-02-24,2013-11-16
HRapEzWPFJYtClbqOyhg,B01AC06,2011-10-18,2012-07-15,2017-03-27,2012-03-26
RBKpTCJDVpAmVxQkmHIX,C09AA03,2007-05-12,2011-01-07,2011-05-20,2011-10-08
OySqpaBmOqlGZQOmGnnk,B01AB05,2002-12-06,2009-11-25,2004-10-31,2007-09-29
GcplwChoUDFZOucmUglV,C03DA01,2021-08-29,1999-07-27,1995-10-05,2013-04-08
NHbAcRRRDjDhNhHFJmxP,C09AA02,2016-12-07,2023-01-17,2016-01-10,2006-07-26
zmOUqbcSHSIRhbiuLNtf,B01AB10,2013-01-09,2019-11-26,2007-04-06,2002-11-09
qxANtwdVTfaqkuOLrEiH,C03DA01,2004-08-14,2010-03-20,2020-01-24,2010-03-12
PGYmEJnkOvdlaiOMhVLG,B01AA07,2016-07-12,2006-12-30,2000-12-05,2024-04-20
nKAMpAjUsANRWGVgaZfU,C08DA01,1996-01-01,2022-01-08,2024-09-11,2019-04-24
LQppMJzdveYmyTlOqHud,C01EB17,1997-04-18,2007-01-16,1999-09-11,1999-10-12
zFDmoiYjGtGheXCOxgnn,C09CA06,2025-01-09,2000-02-06,2020-12-17,2016-07-21
cKMBrWbswdTcTtYZkNoz,C08CA05,2004-02-28,2005-08-31,2015-05-27,2015-09-21
jAYLesogEkiYCswzCfLV,C08CA12,1998-06-11,2008-05-28,2013-03-26,2022-04-24
HvafGCBRahMfLXTkZrIG,C07AG02,2010-05-25,2020-01-29,2003-05-16,2007-06-05
oXRaRMdBoXvXOoVxuReQ,C03CA04,2017-09-15,2014-11-08,1999-11-15,2001-02-28
mPVXEBoelUQprPeCmyEv,C09AA01,2004-02-07,2014-05-24,2023-04-29,1996-10-27
mHfldQmpeBEsbskNEwmP,C07AB07,2012-11-13,1998-12-21,1998-01-20,2003-09-15
JshVdVDDQVygrskicYzj,C08CA05,1999-10-13,1995-06-04,2016-09-02,2005-09-18
nuOWsitrACWkcOCWAqGh,C03DA01,1997-04-20,2012-06-22,2010-01-29,2022-12-31
UpSvJnoeJVjpTQqmjXIv,C09CA06,2023-02-07,2009-01-01,2013-12-02,2007-01-01
LFfexxxSdoSSzAqcztVp,C07AB07,2020-12-13,2009-08-24,1998-10-31,1995-07-24
IHNsMMsaxEzsooUSvIyQ,C08CA01,2015-06-17,2005-01-10,2001-02-18,2015-04-20
WWWYADPaXFQccrRxLzxJ,C03CA01,2017-03-12,2024-02-28,2018-09-05,2002-07-13
MoBdVAamHWCokKsSGQLf,C09AA07,2018-08-12,2008-11-08,2001-12-31,2021-01-14
lQMBMWNuObwznNFmFyzh,A10BK01,2017-03-04,1998-08-14,1997-02-16,1995-09-26
GMquaDcYAUntUGDOpJvL,B01AF01,2024-12-07,2001-02-06,2019-01-23,2023-02-23
zvPKNbNdsswfqEAEnMIr,B01AE07,2003-01-27,2002-01-16,2013-05-25,2004-12-28
NYAwJGHeyfJzxepjiRTR,C09AA07,1996-12-16,2020-10-31,1998-06-11,2020-10-30
bAfkqEQBnyktgUnyOUrM,B01AC06,2014-04-25,2010-07-08,2007-03-14,2008-11-03
lWJACLkCGjYmiisPWFVd,C07AB03,2013-04-13,1999-03-16,2020-05-14,2006-03-04
wkXIDgyOCBbvjzpJYrXX,C09AA06,1996-05-24,2014-08-22,2022-03-05,2011-07-12
FySSMXuyaYCLmSXqpCbj,B01AC06,2005-01-15,2009-03-18,1998-11-19,2016-03-04
aYbBoXrsJmPIBGWNrrCQ,C01AA05,2020-06-04,2007-11-05,2000-08-17,1999-08-11
vimMLKgGmJEAsKUroEjb,B01AB05,1999-03-01,1997-08-23,1995-11-27,2001-10-21
CnIWqIwSRxYGvamNLbWk,A10BK02,2010-02-21,2020-07-15,2015-06-18,2010-02-10
rfJGmJtjfQDwWlMThmhi,A10BK03,2019-12-07,2016-07-09,1998-08-03,2016-05-08
GDRxmXeGoDWdkXpnkTzO,B01AF04,2009-12-13,2002-01-15,2006-01-06,2015-09-16
OGmqleVCJFslEanvDVwk,C08CA01,2017-09-20,1996-08-01,2016-03-08,2008-12-20
ORqiCVqtCPlnQrUKilTU,A10BK02,2015-03-23,2008-06-05,1997-01-24,2018-06-21
rdmdGmZgICNOTvvRqoLr,B01AF04,2019-10-14,2016-10-23,2013-04-06,1998-12-24
QVvAEmZsCNSTJCKxiVEp,C03DA01,2005-09-15,2023-11-26,2010-05-27,2008-09-04
RfeeNOFYaQZczqpulgiA,B01AB10,1995-05-27,2005-04-11,2006-03-21,2013-12-22
nSjtocrRwxUpESvIKita,C03DA01,1998-02-12,2006-08-01,1996-04-16,2012-06-07
gdqZKBHAfhttyHOmUqtZ,C03CA01,2014-03-29,2023-09-19,2009-08-08,2010-09-17
yZaCoeLvRNLBVdWkLugi,C03DA04,2004-12-12,2004-12-31,2004-07-13,2021-05-17
OICQBbJsAKKmlClqpwlL,C09AA05,2000-05-02,2006-09-09,2015-07-26,2000-01-04
kvmADzJAPMFyORjVpYTc,C07AB03,2021-01-06,2003-04-12,2013-09-07,2018-02-18
TmZyTIxSYyunEzxWPkOF,C01EB17,2021-05-25,2024-05-17,2007-09-16,2009-09-04
liFccIBIGLOuCMQMBeXr,B01AE07,2007-05-30,2008-01-03,2016-10-13,2015-09-10
nPhBgSpRsTDxVZoxYRfv,A10BK01,1999-01-21,2020-09-17,2000-06-04,2017-06-13
YVjirCnnGkXTaFPYTtWk,B01AF02,2004-01-29,1996-09-25,2008-03-27,1995-11-24
hwtGTLhoEgupFWYueBjI,C09AA01,2006-11-07,2007-09-06,2019-05-14,2008-11-20
PkdFXjTMOctrabSXyPGw,B01AC22,2000-02-02,2020-11-17,1997-03-24,2024-03-04
FEbuSDbEHRcXULilmdzR,B01AA03,2012-02-08,2019-02-21,2006-06-16,1996-02-22
UmdxBZTkyapHPGexsljy,B01AF01,2012-11-11,2016-04-02,2012-12-27,2010-11-10
WYWySEKDbxahAwOkriQX,C09AA05,2023-08-20,2001-12-01,2004-09-21,2006-09-10
wJILwVWgNuDaxnqgpAYG,C09D X02,2015-08-01,2011-01-01,2008-07-12,2010-12-08
BeuXGXslLSmfwjUynkLR,B01AC06,2001-03-10,2004-04-06,2002-03-11,2011-04-18
xKMRxyBsoNZmBGugZkpe,C09CA06,2007-11-04,2007-11-15,2015-01-21,2021-04-03
dGJAScRGdPbcTyXJTjNi,C01EB17,2016-09-03,2022-01-27,2005-04-19,2015-04-20
kLVxvjJHnoWKlTORpeqB,C07AB03,1999-03-14,2020-10-31,1999-09-24,2002-01-21
gfByhugmLCtYjsnUCgSh,C09AA05,2021-09-24,2019-05-29,2001-07-15,2022-09-14
wKGgoSwFIUenENHoxuPy,C09AA05,2023-11-28,2024-08-07,2001-01-19,2021-04-09
dQpsFSIyfnDOuDePaqoN,B01AC22,2005-07-10,1995-02-11,2008-12-02,2012-01-14
GwVIvoUGCcJoyaEqxMhX,A10BK02,2002-07-24,2013-09-04,2012-06-27,1996-10-17
bCmatDkTAHpEcJqudEac,C03DA04,2006-05-29,2007-11-13,2017-04-22,2023-12-27
JiGRsStKAuEdEZVjWFxZ,C09AA06,2023-12-28,2006-08-17,2023-04-04,2010-08-06
KDqWMlLTLIOiJDqTBuFc,C08CA12,2013-01-10,2011-10-08,2004-08-15,1998-12-20
YGjpbiqwaKVjdaIpVLJx,C09CA08,2022-08-08,2017-02-26,2009-11-08,2017-12-29
iRRvUqhPLCcYviisGcne,B01AB10,2018-12-17,2014-07-14,1997-02-12,2002-02-23
jABJyjTbNayulvhiNDGs,C01EB17,2011-04-19,2014-09-20,2020-09-14,1996-08-03
cOMxLyANtGiRTodzYIwX,C07AB07,1995-03-05,2011-03-06,2022-04-03,2008-12-26
tlooRDCLAGqSdyhDaKxu,C08DA01,2012-08-01,2011-06-17,2018-10-17,2007-12-16
CvIQSDeQNzqcsidVRFaY,C09CA04,2003-06-19,2015-08-28,2013-09-26,2009-09-15
tOBbwcXdBPyEUmGjWzSi,C09AA05,2014-06-12,2023-01-04,2019-02-06,1999-07-07
VYVauIVWmzJTKFHJYXew,C09AA03,2006-11-28,2017-04-12,1998-03-20,2000-01-30
DBjFXKCMULPuOEXxlUxP,C03DA04,2014-06-12,2016-04-01,2006-03-19,1997-07-24
aEcCwdSTjFfSHKKBWPlf,C09CA01,2023-02-06,2022-01-06,2010-06-04,2007-05-07
wWUUobenYGLipGXmZSXr,C09CA01,2012-06-16,2023-01-29,1996-05-28,2008-12-23
nQDNsZNOMgevmKnBIqmc,C03CA01,2024-07-01,2004-09-05,2000-01-10,2001-11-30
BdeJgOCqragWRfUqNQOB,C08DA01,2023-10-24,2023-05-07,1999-03-22,2012-04-15
qhpilXETOfUNUpFlCRUq,C07AB03,2024-01-03,1997-08-01,2003-06-09,2002-05-26
UXlyYaFeLPVEGLVKYQFv,C07AB03,2009-01-29,1995-10-02,2000-08-24,1999-05-23
OLdNcEccqiESdnNHyWAq,C09AA10,2010-11-16,2019-03-02,2014-05-19,2011-03-28
wZzsURRFEqbwvGAGrYWg,C07AG02,2018-12-08,2008-01-19,2022-03-29,2001-10-17
FXnPcHbzYfVoMTyjbZFl,B01AA07,1996-10-24,2015-02-09,1997-01-12,2003-01-21
bzewkBlRatmovRXyqism,C09CA01,2021-01-01,2000-07-23,1998-01-01,2016-06-16
kbhwGPvnXqZvNlgmGzFC,C08CA01,2014-02-04,2019-11-21,2011-05-13,2006-04-09
VbpBeyFdATQZwBzHmpFV,C03DA04,2006-02-28,1995-07-01,1999-11-19,2014-11-06
PzbUUMbybUHLrNxHQcYr,C07AG02,2009-06-22,2016-04-07,2016-06-12,1995-12-09
fdYFSxVLMNFcqSUnuzQx,B01AB04,1995-04-11,2013-04-02,2020-03-15,2018-02-24
xHhgjYUjlYuleWwlnXTs,C09CA03,2022-09-15,2009-07-08,2019-12-07,2001-02-22
AgXDZMzJEWeyGYXiimET,C09CA04,2004-01-05,2020-05-23,2023-01-05,2006-09-20
ORfGTwuBbrdFCnSkyBrt,C03DA01,1996-12-18,2021-02-23,2012-07-14,2004-02-03
ypbMtEMixGvrXsolGpcI,B01AA07,2000-12-15,2012-05-26,2010-02-25,2015-02-01
VaKzPwkvShIPtAsddLWh,C08DA01,2006-07-27,2024-09-24,2022-01-24,2006-03-29
BINwRSBbGSQbDnMxoPRz,B01AB04,2019-08-16,2002-02-17,2006-05-15,2007-12-18
raWoIfWghNEgiURlgwMm,C03AA03,2016-01-21,2020-02-20,2013-08-23,2017-01-08
iLktBzzsyELWUYghxJgy,C09AA01,2018-12-16,2011-06-24,1999-09-17,1995-01-23
YmKKIhsjOXAuKkjOachQ,C09AA01,2020-09-21,2016-08-11,2006-12-25,2008-11-04
WYhaNocWlXLcFdYTSeUY,C09CA06,1996-02-17,2022-02-21,2021-05-22,2016-02-15
fTlxxWBmOyfOBKEtOpyq,C09CA06,2007-10-20,2002-05-14,1995-09-11,2018-08-18
oAUfKcgMQkPxTVgGQjpu,B01AE07,2022-11-30,2000-06-11,2013-11-17,1995-03-06
KRgWzXFYfTySPAjwiHWI,C03DA04,2013-10-05,2007-07-08,2005-04-10,2010-07-07
BHEYpxQtuqhfnqeVeAiW,B01AB10,2013-02-21,2022-12-25,2023-10-24,1996-04-25
KwaHUwibzMSgBdLrMTTL,C03CA04,2013-10-06,2023-11-08,2002-07-30,2021-04-20
OwAXWnYKmfFzsQSxjATL,C09AA02,2024-03-28,2013-07-29,2022-05-05,2011-01-15
xWPwGGQDBiBiCRtvzIha,C09AA03,2007-12-29,2016-11-05,2006-08-17,2012-01-08
IiGQEeYfrNlriWdqCCon,B01AA03,1999-01-20,2014-10-26,2013-09-19,1998-10-22
ipvVHmpdRLNLzUnnQBQZ,C09CA01,2020-06-07,2013-01-31,2021-03-04,2000-01-29
KBEQWIfriWEDDCyLWJLt,B01AC06,2016-01-11,2002-08-24,2009-01-28,2007-03-31
cZbmNrxFTMiwFpYMVkBc,C09AA01,1998-07-20,1999-07-01,2005-02-05,2009-05-02
fYsAhpfZfpsfFLhqvDfy,C03DA01,2021-04-13,2002-05-05,1996-11-18,2020-07-07
PplnwJUwIoTgMZaTduPC,C03DA04,2008-02-29,2005-01-28,1999-11-06,1995-12-21
FPZdbgvBgVDXEnzxLLeF,B01AC22,2010-03-14,2007-06-17,2013-04-15,2012-02-23
QcmMUfvOcobNkPsIRxuK,C07AB03,2021-07-03,1997-09-16,2006-02-01,2007-05-09
rNymBjsqirYdThYpcaOY,B01AC06,1997-04-06,2001-08-22,2002-11-13,2009-01-13
yflqwqTSpTjCAkOmXQkW,B01AC06,2006-01-03,1999-04-15,2010-04-26,2024-09-17
keGLCExIMIGrEFJrqUbT,C01AA05,2018-07-26,1998-07-12,2021-08-04,2000-02-22
cltEYeJUlVDrBmkoUlTl,B01AC04,2011-10-21,2020-11-08,1995-09-01,2024-10-29
DssbKTdUSsJAwtGJJuMe,C09AA07,2016-10-12,2019-12-16,2018-08-13,1995-12-06
TuWSWdJdRYTZLtBlYAFh,C03DA04,2015-12-07,2022-12-26,2017-07-27,2012-01-21
EBFNXkSlivZlnqfMcbJz,C09AA07,2010-08-16,2012-03-28,2013-11-02,2008-09-26
ogCLHhghKpegtAHkKfQl,C08DA01,2018-12-09,1998-11-01,2003-07-03,2001-10-10
vCmtccqwUiANcewvjqGa,A10BK02,2007-06-17,2011-05-24,1996-10-11,2020-07-13
yqkAeFaToRAAvMWaucGZ,C08CA12,2013-03-06,2007-01-10,2004-05-09,2003-10-16
pwtTVancplmpfohKmtnD,C09AA05,1996-11-15,1996-05-23,2001-12-06,2016-05-04
bJdNRwHvCJFCdjDzsWCk,C01EB17,2010-07-18,2020-01-18,1995-10-06,2003-01-23
BhmVCYJPPYToDzuiUUIE,C09AA02,1996-11-09,2005-10-17,2009-07-19,2013-06-02
PQZdAXTuqGypwSHcaQYw,C08DB01,2022-05-31,2011-09-10,2017-07-31,2007-09-08
pNGdFCOfOcjwdhnvesNZ,C09CA04,2000-01-08,2000-05-15,2011-09-10,1995-08-30
gTKOZCWIDagNEWECIump,A10BK02,2019-08-01,2007-05-21,2007-04-12,2004-09-20
tHGXTrYKzPFVLidDCFgQ,C03CA01,2012-07-22,2021-08-19,2012-07-28,2007-09-17
sgJBuJaOFRBKQxOEBznu,A10BK02,2015-03-29,2003-05-20,2009-09-28,1997-06-06
JQhoYkPlxZXkJZVFnoyP,C08CA05,2012-12-22,2018-11-21,2003-11-19,2020-12-27
xtLlVpYuhoLOjAGyYpsi,C09AA07,1999-03-10,2016-11-10,2001-07-19,2004-09-25
vsDEDSjWeOlAIZljeeGk,B01AB11,2006-02-05,2013-10-26,2002-11-07,1998-03-27
iZFBOPMTHtHWbdYbmBZG,C07AB07,2013-11-25,1995-06-01,2002-03-17,2024-03-29
YHzhoBtRCGidVuWSoUSl,C09AA02,2001-06-23,2000-12-19,1995-05-28,2014-01-04
VbnlQWEsyhfNcEKrAxVC,C09AA05,2001-12-18,2021-06-15,2005-02-24,2015-06-11
QtjePtjbMdjCtIUTwSYt,B01AC06,2009-10-18,2012-05-26,2006-05-09,2002-04-17
LfNDyzzuNviiGEdRQGbm,C03CA01,2005-06-13,1998-04-06,1997-04-05,1999-06-22
wgpTZoNfSXCwKsHKlPYl,C07AB07,2017-05-26,2000-12-09,2003-06-05,2005-05-20
xRYwIUqnpgTeAyFEdENi,C09AA10,1997-05-23,2022-09-18,2003-04-13,1999-11-04
YqndwjZkiOFFfuUdUZwU,C09CA07,2002-11-01,2007-11-08,1996-02-17,2013-11-13
ayvihCGwrKCFVVFJHGXF,C07AB03,1998-03-16,2023-04-20,2007-01-02,2009-09-10
NHeYKptPZbuGsyHKdnjB,B01AC04,2001-10-11,2023-06-23,2014-05-07,2009-09-06
aFDAIrHuBqAhmrFORCHS,C09AA08,2003-12-23,2008-02-13,2003-11-21,1999-10-07
xJyDVqWuItXOpALEITPI,C08DB01,1999-05-13,1998-04-23,2003-06-10,2010-11-21
JUBhnBMhmQSigFsqePdL,C03DA01,2013-09-17,2021-07-26,1997-10-29,2007-04-03
AaDUHMNtQUzyPECaHIip,C09AA01,2010-03-05,2016-04-09,2009-03-11,2003-07-02
pGPWTdbZdCHftMKpVkmv,C03AA03,2013-07-08,1996-03-29,2024-11-06,2006-06-23
TDvfGJZCDZHgiGobJaYP,C03CA01,1997-11-12,2002-02-16,2016-07-09,1996-04-16
uLmWAIwqNeKAkxOQwMFw,C09AA03,1996-08-26,1999-09-17,2018-08-17,2011-10-06
crmstoBmGnmhHdgConec,B01AC06,2008-08-16,2008-07-16,2015-07-31,2022-02-07
TbnhmbQtEqllASXUgqWO,C08DA01,2021-01-15,2013-08-08,2014-02-19,2010-01-15
DcBuieADBepEhtwlEahD,C09AA08,2006-03-18,2005-12-19,2010-01-26,1997-10-12
xiRSWfYtwPuEEULtnDQX,C09AA07,2008-04-26,2008-04-05,2000-07-20,2017-04-15
WDcWiaxtNhHGPWfVzDhB,B01AB11,2001-06-27,2004-10-17,1995-02-18,2002-09-03
HIJlwUtRRCizstGVFgXD,C09CA01,2018-11-18,2002-12-05,2007-04-13,2006-12-30
LaZqdMVxiuFbSLBBAsXF,C01AA05,2001-12-31,2001-10-12,2003-01-08,2009-07-27
rIaHQGeqzgrkxmwzjIPM,C09CA03,1995-11-12,2000-04-15,2018-04-01,2018-05-29
jqMaMdyYPtiBxwDxYtol,C08DA01,2010-01-21,2010-12-24,2012-08-24,2020-12-24
GbIdBUdxCWfCipBQaOnp,B01AF01,1997-08-17,2010-03-06,2001-06-23,2022-08-12
JuiwSoSpDhTUdWzWMRed,B01AC06,2010-01-05,2020-05-26,1995-05-06,1997-05-22
ooXfcCKidoCQmzGitSmh,B01AB10,2007-09-11,1996-05-18,2012-02-11,1999-07-12
QcyHWSyGsiCzImXZSyHh,B01AX05,2001-09-16,2006-02-23,2013-12-03,2001-09-04
CUqljknuhUbNISqsZIEZ,C09AA10,1998-02-09,2020-01-16,2017-03-01,2007-06-09
MLaTFhNKnaGiDuKbmpFa,C09AA03,2003-12-14,2008-03-18,2013-11-12,2015-02-24
DoChjVOChnAHVsoZRzyt,C07AB07,2002-08-30,2020-06-20,2019-01-02,2003-03-13
zRqElSXraMWilpPlVOPj,C09AA04,2019-10-28,2001-03-01,2017-03-26,2019-11-06
zgHsgMCQLsnsaYUIkBAm,C03DA01,2011-10-12,2008-06-01,1995-02-23,2018-06-01
cGFIGVwsINmwtpDWqztp,C09CA07,2005-10-04,2013-03-06,1999-04-11,2021-11-10
PSAgcjebnxqqjvSzJGMW,C08CA05,2003-08-12,2012-08-08,2013-09-10,2021-10-03
VNCRFXLXnjkGMBsKwOud,C07AB12,2017-05-11,2023-03-12,2022-05-16,2016-12-24
EmKEptueZLHASqWgPCqB,B01AB05,2021-12-18,2013-11-01,2005-05-21,2003-11-11
pwoTmDIhyENiLOyjrXRB,C09AA03,2015-05-24,2021-11-19,2007-09-05,2002-12-03
xpVPRCwmmDwWEPProXKH,B01AC22,1999-08-21,2004-06-15,2000-04-19,2005-06-04
SzKiucfOZTMDUCwVQbib,C09CA03,2009-12-11,2024-03-25,2024-02-25,2024-11-25
EHQYLNnVXUljaxqETKhJ,A10BK02,2016-09-15,2001-02-17,2013-12-16,2019-07-12
BQDVxAfnvMikORcSCHwe,C09AA10,2003-03-05,2004-11-28,2001-08-28,2016-09-25
NqamsiRpkYEFIcOAcmve,B01AB11,2003-08-29,2006-09-25,2018-03-19,2018-03-25
fspEqIGQWRvBvbWsodKi,C09AA01,2020-08-19,2022-05-29,2005-09-18,2005-06-08
aTaSruHfCbZwYzUMhZkW,B01AC22,1997-04-23,2016-06-22,2015-12-26,2024-06-13
lAhnzzlGUjAaimAYqAQn,C08CA01,1996-04-11,1997-09-02,2021-09-30,2023-09-18
tsAeHyieqqpBkYJAROOn,B01AC22,2009-11-08,1997-10-13,2001-08-06,2003-12-22
OYqWZUWXWZsfKHujBeeu,B01AC04,2016-12-12,2009-07-27,2013-06-17,2005-06-06
OWMcTQXsRLlUdSPZIttz,C03EA06,2001-08-24,2019-05-11,2022-10-17,2017-07-17
SAzwYhVnaVyHMcwjNxfH,A10BK02,1998-01-10,1997-09-29,2018-09-30,2000-06-07
niwlKdYMIOpclptZzfQA,C09D X02,2015-08-16,1997-10-19,2003-09-12,2015-12-20
gdlLgRzjJkuHmpTTQxIl,C03DA01,2012-09-28,2017-06-07,2020-07-11,2013-05-16
nGsrgeVKDpfGsTOEAoxo,C03AA03,2007-07-13,2020-01-03,2017-08-21,2012-05-15
YJHpRXSUVjLzlvAbvMzZ,A10BK03,1998-11-13,2016-01-26,2006-02-28,1997-12-06
zoKtLcRetEAgnULnkYUv,B01AA07,2003-02-15,2015-10-05,2019-07-07,2010-08-30
MvSBlZoFsBZRvyslyRZa,B01AB05,2018-07-11,2006-01-18,2009-01-21,1999-08-19
KBfgmaWqJCiUnkwOJiIS,C09AA03,2012-11-02,2007-05-04,1997-06-30,2023-07-01
XDxNUnAfBtZBDCIyzEfj,C03DA01,2020-09-19,2019-12-14,2006-02-16,2024-10-18
VBeHqeEwJDOdXFLaKfyL,C07AB12,1999-03-12,2016-02-09,2001-12-29,2024-10-28
yTHukPoVzfPeIFlLGVsd,B01AA07,2017-03-29,2024-11-08,2017-01-26,2006-05-11
cyFjsNoqMOYhogNpaXcg,C09AA07,1998-04-07,2008-05-12,2022-05-24,2006-07-30
eSkGgWXbVMpurzyRVlrC,C09CA08,1998-08-04,2002-04-17,2008-05-07,2010-02-06
nNBUfcESFJrSfMzoQZFZ,C09CA04,2022-05-14,2000-10-19,2010-03-09,2015-10-11
rWuvjgWWyPeLZgzKpbBN,B01AA03,2009-01-31,2005-09-21,2008-12-09,2021-07-15
lzDZDCyrCZyfdgvNPCgP,C09AA04,2001-12-06,2012-12-10,2005-11-06,1998-07-06
KatnhqypWnpSqdXEHEnd,C09D X02,2016-11-19,2000-01-10,2004-11-24,2013-11-12
ikyNSaLuzllmRPOPKUJx,B01AC04,2017-11-21,2010-04-09,2012-11-05,2014-02-18
MABmtEFBGvBfXGePfakj,C09AA07,2000-04-07,2004-03-06,2022-06-23,2007-02-12
iVOsWsghLyblUbjjVoNL,C09AA07,1998-09-07,2016-09-29,2022-12-22,1997-08-11
QziXfYiBxkNuXbTnmilf,A10BK01,2008-12-07,2014-09-16,2018-07-26,2018-01-08
uDypOmuQXzRQQCxFFjPV,A10BK03,1998-06-27,2008-06-05,2009-10-11,2014-09-19
lmxJegZYRicKMSyDnHeL,C01EB17,2018-04-11,2013-12-26,2009-12-16,2008-03-04
MoNWpnQgcSyhtzkYHylj,C09CA08,2000-08-31,2003-01-08,2011-03-15,2019-06-14
wTxgNpQqeIUoUzeZdzbr,C09D X02,1997-09-22,2018-10-20,2022-10-21,1995-11-06
HxgiURdqOWHqDWhzePcJ,C08DB01,2023-05-23,2014-12-12,1998-02-01,1996-05-08
RtAoPXagRRByqJBubnZK,C03DA01,2013-04-20,2019-08-27,2005-08-08,2015-05-04
UWBsynaWhFiWVtGtktLJ,C03EA06,2017-04-07,2002-09-01,2014-07-15,2015-02-26
obEeLosZikCOsbUxuZic,B01AX05,2019-09-30,2024-09-09,1999-08-03,1997-01-03
rvOijqKLNEJvMFJxcYlW,C09AA04,2017-06-24,1998-09-27,2005-12-19,2000-10-30
SphhqEtVYhaRWiWGKrMG,B01AB04,2005-07-27,2001-08-12,2008-01-25,2006-09-18
UnRmDPfdCxLqnRHunIJl,C03AA03,2011-02-05,1996-10-17,2010-11-24,2014-05-08
NyIrHPSQciSswJvxBExp,C08CA12,2019-08-12,2016-10-22,2002-11-05,2016-08-17
QvBZjEemnbvZIpTnoUOp,C09AA06,2004-12-13,2024-03-17,2002-03-27,2002-01-22
QEGApShrzAkEOjfOmPDQ,B01AC06,2021-07-08,2004-08-26,2004-03-30,2015-09-21
yLqePndOlPgcOlyrQfuu,C09CA01,2006-09-29,2012-04-06,2006-09-21,2018-10-16
uefJOseBmZCRbTistTOg,C03DA04,2003-02-13,2003-06-27,2022-12-28,2019-01-15
wbkkygOMnDVokGOWWskm,C03CA01,2014-11-24,2006-12-19,2016-01-15,2014-03-27
wSKfDELryjvJJDcGhcOJ,C09CA04,2011-05-15,2007-07-27,2017-08-28,2024-05-08
QaDlPYKVBcTwPXRnfQRe,B01AB10,2005-04-02,2016-11-28,1997-03-28,2023-04-27
dPEYTthkKaAWJQVSHJlb,C03DA01,2009-10-21,2014-12-21,1995-04-09,1995-11-30
iXqliMXCDygWRwrLlmQo,B01AB10,2022-06-22,1997-11-18,2005-03-24,2020-03-14
qwlUFpjTEcVJrvzxWYEp,B01AE07,2022-11-22,2012-12-18,2024-08-25,2019-11-17
vcgcSPhcEWxgYrjvvdWd,B01AF02,2009-03-13,2001-04-19,2001-04-08,2019-08-30
nndCdxLuLcgllZrwAjIV,C09AA01,2000-09-21,1998-10-27,2009-07-13,2014-12-19
jweykbdRwEpTFTrsYBFU,B01AB11,2002-11-22,1998-08-16,2001-07-22,2016-09-09
ZqvjqPHIcdApeeoIJetr,A10BK02,1998-05-24,2024-10-17,2007-07-28,2004-02-01
DIPWXTGdPAALFGJXpNRU,C09AA06,2005-07-16,2024-04-01,2021-01-19,2007-08-27
UxmOAyqLjeZxRIfRksZC,C09CA07,2001-09-14,2000-01-25,2007-07-14,2022-12-08
ZHmQiKmpJqJCpqHAhWnh,B01AC06,2002-09-02,2024-05-14,2008-08-08,2012-04-19
WwbhVaTJhcbYTXYGrqvW,B01AB05,2002-07-31,2009-01-10,2013-04-27,2000-07-25
LLnOmETaVJmxgcEJwjQS,C09AA07,2004-05-13,2014-12-09,2023-09-16,1999-11-12
VWGpbTOSQbnGEplECWOc,C01EB17,2017-04-20,2007-12-27,2002-11-14,2010-11-22
QInEnZuHigNOABVPvudG,C08CA05,2011-08-04,2019-03-26,1998-07-13,2008-03-01
JdvqOyPlUWiDuThDHMmO,C03DA01,2020-06-11,2004-10-25,2015-02-22,2004-01-15
uHQOQtrZtcWqYRQqOayI,C08CA05,2012-02-14,2006-07-06,2016-07-01,2006-12-12
QOzCMNBaONzousWSOgFS,C01EB17,2017-09-05,2010-02-16,2022-12-15,2003-04-26
vlSThqZsMjdnfMKrZAEF,C07AG02,2002-12-10,2022-10-22,2004-09-09,2014-05-30
MjfAQovdBMLrbpABHmiN,A10BK03,1999-09-04,2007-08-05,2005-08-14,2021-07-14
kQjhBKLLtGwKXWmAMigf,C09AA07,2023-01-22,1999-07-15,2011-12-12,2016-12-03
zDixySwgXYGEwxXGjkMq,B01AF02,2010-07-28,2001-12-02,1996-11-28,1997-09-01
PgPGCpYmLKnGwwiJRSEZ,C03DA01,1999-11-01,2003-07-13,2015-11-20,2024-07-20
eGWKStAWYrWVIKOOymcY,A10BK01,1996-10-16,2014-08-25,2007-11-17,2016-01-28
dILboeWoCUdutqddynXo,C09CA08,2016-11-30,1996-04-15,2024-02-17,2008-06-14
eQDSFTbtypatDCYlXxhL,C03CA04,2024-09-10,2013-07-29,2024-06-14,2021-08-16
cTuiUEiQlRiPcYosbagm,C03DA04,2019-10-26,1995-11-04,2018-08-12,2000-09-16
aqRiDERkKuOrSALLrbbk,C08CA12,2022-04-21,2012-12-17,2009-05-24,2000-03-24
IOoZryZMtdaODyNVmakR,A10BK02,2021-10-26,2022-09-09,2024-07-25,2016-11-13
OAxpPDxmGtdioqJyJirh,B01AB05,2023-02-11,2004-08-18,2012-08-27,2020-10-05
cnyjROYRYiXRFxePNpIM,C09D X02,2009-09-21,2021-08-14,2014-07-16,2019-07-03
zWFeheLQPrvOkJedOvEZ,C08DB01,2002-07-31,2024-07-30,2002-04-21,1995-01-18
pDOcOunSFPXOlPlbwITu,C09AA08,2013-02-06,1999-08-31,2012-05-29,2008-04-16
FJnxYJkbCePoVsZJiPHV,C09CA04,2009-08-22,2014-12-04,1996-10-22,2007-01-31
kwmuxvUsxdrolZkMhMNN,C09CA04,1996-02-09,2012-04-26,2017-12-24,2012-11-04
LgfCLkgzsVUMbGvsUdVU,C08CA01,2002-11-08,1998-08-20,2024-08-12,2010-04-06
mFXACkOmhyQJRpauqASc,C08CA12,2018-03-06,1997-02-04,1998-04-10,2020-12-22
MKjjLdGcflvTdCxWgLot,C09CA08,2013-02-17,2015-08-14,1999-09-18,2019-09-16
tgZiyfoizCjrcEaIICKQ,B01AA07,2004-03-24,2023-02-21,1999-10-21,2012-07-13
XTdiLBJPaSOuAsPCONCN,C09D X02,2015-04-13,2024-08-29,2009-01-01,2009-05-02
EeRHUPaMsLxlBpuxKTDr,C08DA01,2017-02-23,2000-03-25,2022-11-16,2006-11-02
DkNLIYQEweCzFXfDfWqB,C08CA12,2023-04-16,2001-01-08,2014-11-23,2014-04-03
wcFoRQMbIgeFqqZfAyMw,B01AA03,2007-04-14,2016-09-28,2016-01-09,2009-12-11
dyOxvhbGzFzKoPGKBMTt,B01AA07,2014-10-11,2022-07-22,2009-05-10,1995-06-16
LGyMljHeWOtHNKHHcRRB,C09AA04,2016-05-18,2002-03-26,2009-01-31,2023-09-24
dNQRbENUuWAWILSsLVIB,C09CA08,2012-06-19,2018-12-07,1998-02-24,1998-06-23
SflkBjrCtQkhQAQoBypf,C08CA12,2014-11-10,2017-11-25,2015-10-15,2011-05-30
VMuriBVtPIYMSzJGcHer,C09CA06,2014-10-02,1998-10-28,2016-03-25,2001-11-08
TkqfNKDhCwnCdCXbBzio,B01AC06,1998-07-17,2014-01-30,2015-12-28,2014-02-15
ALCxtNnIyCWIOJWZHcTx,A10BK03,1995-05-07,2023-08-28,1998-09-06,2014-09-28
akpEpZifFwGojtyenHou,B01AX05,2024-11-09,2009-07-23,1998-06-19,2005-02-20
cxFZCFryrBxMCzwyVIsF,B01AA07,2013-03-02,2010-01-09,2007-07-27,2015-11-05
mpVBffNNnBeEfIBHaNbS,B01AF02,1997-05-26,2018-08-15,2006-03-15,2000-07-25
skPqAThrelPwEBOdNCEi,C09CA07,2006-11-12,2013-11-24,2024-01-09,2019-02-16
hmupkshiyVgnZXKEmYYP,B01AB05,2008-05-10,2001-04-03,2011-04-25,2015-07-08
hCSCLPtxWkofkcLcqlxZ,C09AA01,1997-06-29,1997-05-25,2000-09-05,2014-03-01
eovKdGWGVaDypxyhpyuy,B01AF02,2009-07-04,2000-08-15,2020-10-01,2013-02-10
seNSmQkAJOQKtSMsNwSw,B01AX05,2013-04-12,2004-03-01,1998-02-14,2012-02-19
aNiAdRsiIvywMzEyFWEw,C03DA04,2009-06-27,2022-07-01,2022-05-02,1995-05-02
SMmNTcKhbrStNcCexhvq,B01AB05,1999-07-14,2018-08-30,2013-09-28,2022-04-02
QauGvkjpskKvkjxuSKqX,C03CA04,2001-02-10,1997-03-13,2004-03-21,2005-07-20
yXFFGwUKaEeqlSVMOKif,C08CA05,1996-07-01,2016-03-09,2018-04-05,2018-03-11
hqtRLzYVkSGHCvybSiPE,B01AB11,2021-12-08,1996-06-12,2008-05-30,2000-05-11
DEJpVubkPCCLHxWbymqI,C08DB01,2009-12-26,2007-12-01,2018-08-11,2002-04-16
KRdcCMlTgAZlAPHhQTFz,C09AA04,1995-04-08,2004-07-08,2003-06-26,2022-12-03
aoWwhrQWlgZsnxMZbEPW,C03EA06,2020-03-16,2017-10-11,1996-08-26,2008-07-11
uzBbbymBiwmxoIgtRDPj,C09AA04,2012-12-02,1999-01-18,2023-05-29,2001-09-05
fgcaWqrNNAEIESCKgXSr,C09D X02,2006-10-05,2007-10-02,1999-07-09,2010-06-24
YcxpYeTxVmVtgHwHlCZQ,C08DA01,2011-12-06,2011-12-07,2020-12-04,2017-02-16
NqFirGbiwPUUZkyymeel,C03CA04,2018-10-24,2017-12-13,2001-05-07,2000-05-20
tNjPCoaTjFHLzYbIsJNR,C01AA05,2021-12-27,2016-02-05,1996-09-18,1998-04-20
ncTHNxfQgnNkHCBUaxjK,B01AC04,2010-02-27,2023-04-18,2013-05-23,1999-03-13
ljSNXRkxdTEeDiflqRRX,C09CA07,2024-01-03,2006-04-06,2021-03-17,1997-10-02
syZwmehohOlPkZCDisoj,B01AF04,2016-07-29,2018-04-23,2001-03-06,2020-12-15
AgAMVaepZMdgcKnjVrzS,C03CA04,2004-03-31,2005-08-09,1996-12-08,2016-07-18
paemrIqRyeEOigHwdkcB,C08CA12,2011-08-17,1999-10-23,2019-04-23,2008-05-12
CXgrLPeArTpiiberqbYO,C08CA01,2023-02-10,1995-11-09,2010-10-10,2006-05-26
DkTvTnTQNCbvaqqMgISc,C09CA06,2000-12-11,2012-06-03,2003-04-25,1996-03-01
ZrVxnWqLZOGTpyknVVDW,C09CA04,2011-01-15,2021-08-04,2014-09-06,2020-01-29
yopqkWvtTAVnhefYjooe,C09AA02,1995-07-26,2002-02-10,1996-11-01,2010-08-13
DVgQnHczMlhkQRngMamz,B01AB10,2010-05-10,1995-10-05,2020-02-01,2013-04-17
LrHkTdIjJbREJbJQjhqz,C07AB02,2021-08-05,2007-11-21,1998-03-27,2023-08-19
pPJFnEGDGWXGSgGwDsgU,C03DA01,2016-02-26,2023-01-10,2014-01-17,2021-01-17
TxbKlYdCUlhYMjsYTpLq,C01AA05,2010-09-29,2024-07-15,2012-05-13,2003-10-29
eoTIqZnhOypyJhBkzRor,C09CA04,2003-01-25,2013-04-26,1996-10-24,2024-09-11
pXhJZWhBPSPybprLDZeu,C09AA02,2006-07-20,2010-08-21,2009-02-11,2005-01-06
HQOPRVWFvTIzUTicsXcE,C09CA06,2012-09-18,2000-12-31,1996-01-06,1996-01-12
qIUtJKAGlPBxzlbDCyVP,C03CA01,2023-11-06,2016-02-22,2001-02-13,1996-01-10
iomharqPkiNGlBoKubbD,C01EB17,2016-04-18,2006-04-07,1995-05-01,2017-08-11
zIYsodqwgSlfjVEHoSgX,B01AE07,1997-12-31,2021-04-04,2010-04-16,2008-11-25
CTpgntUApLaLbdWdEjTE,B01AC22,2008-05-05,2019-12-16,2012-10-29,1998-02-05
wMzUbytuhUgOsdDZNnxg,C03CA01,2011-12-29,2008-07-11,2014-07-29,1997-07-26
puQujFwiOszyYqgDnCwB,C03AA03,2014-01-03,2011-06-08,2024-10-07,2006-03-18
EBShkIIMOMhLQOpKYJfm,B01AF04,2024-03-01,2015-04-09,1995-03-05,2013-06-27
ZMJIphEaYMujjfkHVwxZ,C03CA01,2022-11-20,2015-08-29,2017-02-18,2019-03-23
jBTOISidjzHEafxoqQjy,A10BK01,2011-05-21,2013-09-11,2011-09-08,2022-02-24
RVbHReRPxLCQzWYEokPu,C09CA06,2022-01-16,2009-04-16,2018-02-28,2009-07-26
qxcGeabymEtFJnaSgChS,C08CA01,1997-08-05,2006-03-13,2014-02-17,2023-11-21
MBnJgxpbzcOyPMshKQju,C09CA07,2005-08-28,2023-03-12,1998-01-23,2005-01-17
ZBiASIuwEPcnefLRVzhp,C08CA05,2020-02-10,2000-03-22,2016-10-28,2004-07-03
kXACeVBEdBIwKweYLWZn,A10BK01,2015-06-25,2000-09-20,2003-08-18,2007-01-04
RCpZcuNqGwymlPqOerhh,C09AA08,2008-04-06,2004-03-26,1997-04-23,2008-04-09
HmYuXTEBOqfblOMBBnVl,C07AG02,1999-10-30,2008-07-04,1996-04-29,2019-02-09
hTKTRYvuBhEIGvvbYzPG,C09CA06,2022-05-02,2013-03-29,2017-02-18,2022-09-20
ObCYeQIGzNGfIRONwTbB,C09AA07,2015-03-21,1998-09-24,2000-01-02,2007-12-04
djGtqWtURSyKFKNtqXsF,C09D X02,2016-02-21,2007-03-11,2014-07-04,2020-10-17
kNEaeWyyAfDViDsIdxif,C09AA03,1998-03-31,2018-03-06,1998-07-09,2016-01-27
EsTurQLkuduxQqkUIVKA,C07AB02,1995-05-05,2000-01-30,2006-07-14,2002-06-29
TaFuzqHLuyBAWWJLfEmJ,C08CA12,2002-03-30,2015-07-29,2018-07-05,1997-02-05
cdKQYQCVrIYUZLqefISs,C03CA04,2007-04-18,2018-02-02,2023-03-22,2012-02-18
mTdqIBiJCNGNEHcyOuOB,C09CA03,2024-07-02,2000-05-28,2020-02-08,2016-10-16
QKTvLCetEpkENUTKatKc,C03DA01,2001-07-05,2015-01-11,2000-12-09,2019-04-21
XWNZBbmNBFTUuDaIsKpL,C08DA01,2022-01-03,1998-07-29,2016-01-09,2003-08-26
pDauCMGjIRQreoFGQsmG,C09AA05,2008-01-02,2008-11-21,2003-09-05,1998-07-26
mPuxdrjjoxbsOGadUAar,C08DA01,2010-08-08,2014-06-30,2011-07-29,2001-08-16
RfpvcUqSqdtRrkEcEXNe,B01AF02,2012-08-31,2003-05-16,2014-12-31,2022-02-01
IsLrryNtNhibSPDrxARk,B01AB10,1997-07-15,2009-05-23,1995-06-29,2001-03-19
sWUfYpbHbyekyNDINGyv,C09CA03,2017-09-11,2012-08-22,2018-08-14,2005-03-17
ABuYGCKrMoGtHdUHRPaE,B01AC22,1998-03-10,2000-03-22,2021-02-28,2017-10-31
TQlKhIrDvNNCnmmpzcsa,C07AG02,2002-01-06,2013-12-13,2013-03-22,2017-08-22
cbCBqqwuTwyRdMvpJMUv,C08CA12,2012-09-04,2013-06-24,2004-12-25,2024-10-07
AQuSLDgSrqajsSBExWqP,B01AA03,1997-05-04,2016-05-07,2005-10-23,1995-11-20
nLfHQIUJKCPTTJCPNwfO,B01AA07,1998-01-31,2011-08-09,2014-03-11,2019-11-09
EWxziMrsIPvUqBXooSsQ,C09AA06,2020-01-16,2000-04-19,2013-10-04,1998-05-07
JxRZBSEZuAWtxdleJvrD,A10BK02,2011-06-12,1998-06-29,2013-12-05,2023-02-03
RihoXXLxqJfsgZAennGO,B01AX05,2022-07-01,2010-02-06,1996-06-21,2009-04-22
IUHYMVuBvcMthjvYjXWb,C03DA04,2006-12-04,2018-05-12,2011-02-16,2000-06-16
ZYQnXDGDiPVvlelKMbMb,C07AG02,2010-01-13,2008-03-21,2009-07-17,2022-02-01
qjCNVnAVoaacqSyNxHJX,C08CA12,2002-10-20,1996-12-20,2018-01-19,2007-04-19
mGsPzEDJHLpVUpEGSaTu,C09CA06,1999-09-11,2009-02-08,1996-01-16,1996-03-11
gZPOyheOfPXYGtKHXLNX,C09CA04,2005-01-08,2009-04-09,2024-01-26,2024-02-09
KhVQvnxPqekLpeImmUAp,C07AG02,2012-04-02,2021-12-21,2023-12-14,1997-07-25
frbGFkRnkPpgkKNiRZXX,C08CA12,2006-12-24,2011-01-05,2009-02-17,2012-01-15
BMzcdIulRdFQyKZeQSgj,C09AA01,2002-09-20,2021-11-05,2021-06-18,2021-07-11
VhkVzbvFBoKOmMsxGiMr,B01AX05,2005-07-22,2023-03-28,2012-10-01,2008-02-15
eOJZhNpClfISFTBhwvpG,B01AC24,2008-08-21,2008-08-05,2012-09-24,2008-11-11
zJKZEZKorMrosZKSdhMs,C09CA08,2020-10-11,1998-01-23,1997-01-15,2002-02-25
sstgEXKxYvQYCISDyuJW,B01AA07,1999-08-23,2017-08-09,2003-01-21,2013-10-31
ycCngzxTUulNQrvqdOIg,B01AF04,2022-08-23,2001-04-19,2023-08-12,2023-10-24
OVdqSUpvkZufoRCaMfwR,C03DA04,2016-12-17,2007-08-07,2022-04-05,2017-11-18
mcnLJVvJTCWBYAiCCmPl,A10BK01,2021-04-30,1997-10-31,2017-08-11,2008-02-23
BZcqZIWKzfVNvRvNcMzk,B01AB04,2001-12-29,2014-07-10,2004-04-04,2007-09-13
hPHjotcdgmBZAqiVTFQi,C09CA03,2023-05-28,2024-08-13,2013-08-10,2020-09-07
ajZTJAEhZizRjyMxxGxU,C03DA01,2013-11-19,2020-07-10,2003-07-12,1997-09-12
BmwCYaQHccWBCjUAhdsT,B01AC22,2013-07-05,1999-07-17,2016-06-04,2002-08-20
ZDJEnEfNTCWwPZjYZjxO,B01AF04,2015-10-30,2021-07-12,1999-09-18,2012-09-21
PBrtQmSeArBfKfgIPBwG,B01AF02,2017-05-17,2002-12-22,2009-07-06,2000-09-22
oNFEYkuJjJjMMfOhHDvp,C09CA04,2021-06-08,2005-02-24,2009-11-03,2015-06-15
oMttauPRGBXEfEbQbTfE,C09CA01,2005-10-19,2008-10-18,2001-03-03,2018-06-09
tKPZwBfJBGYyiLdgDLPi,B01AF01,2000-03-08,2013-08-05,2014-04-15,2020-02-18
CNRuVDekJcPvMzURvcUX,B01AB04,2008-09-21,2017-06-03,2004-07-14,2014-07-03
IYBfjbDFqwVxgVfTDgUC,B01AX05,2012-12-12,2011-08-30,2021-06-23,2008-03-31
eAqXQtPqxlUOpTwaEpWK,C09CA04,2013-12-02,2020-02-02,2004-07-13,2005-02-24
dtbCByhgidpkiVMCcMra,C09AA04,2012-03-04,2022-02-03,2013-11-15,2005-04-03
EvJuONkIXPIejkZzSfcF,C07AG02,1999-05-08,2011-02-27,2009-10-24,2016-11-09
DAhUyrtDVNbaBWwlmySO,C09CA07,2002-04-22,1995-05-23,2009-10-20,2020-09-08
cJsSKXIXWoCRykecYpuG,C03DA04,1997-10-03,2024-08-27,2013-01-14,1998-08-08
rfgwHxEGZwNwLqUlvMPh,B01AF04,2003-10-25,2005-07-29,2011-09-12,2001-11-18
dGVnEoafesJkzojhOzPU,B01AX05,1996-01-16,2012-07-02,2009-04-13,2010-08-05
nWJnDTJZKmJPXwveUUiL,B01AB04,2001-08-15,2000-09-28,2021-03-03,2022-06-16
tNvYAsqUleovQAGodKcC,B01AA03,2018-10-03,2011-05-11,2019-02-07,2008-02-03
DqrIpnApHacqgqdlxqmE,C09CA03,2019-01-29,2002-08-23,2008-04-12,2010-03-02
tlzERcNHXewenXuEIylq,B01AF02,2016-11-28,1999-10-17,2024-03-20,2011-04-18
XXGzYfwrKlrKSJIadViH,C08CA12,2014-07-05,2020-08-02,2013-02-03,2015-01-19
CPVPuNKyjKDwpfgJcBsW,C07AB07,2000-01-07,2003-08-17,2008-09-28,2011-11-15
dOGmEOLCEbqcKtOTrtjt,C07AB02,2018-09-06,2023-08-27,2021-12-13,2015-06-16
VOLHlpHcimYtzURcuAxl,B01AB11,1995-09-25,2013-06-26,2009-05-14,2005-01-10
TPnuyJjPIlhaNjFGFDuN,B01AA07,2023-03-18,2024-06-14,2022-03-14,1996-11-05
dTBhFAjJGOTHQBGtaLvc,C09AA06,2023-05-07,2016-11-07,2014-09-30,2021-12-03
MlFvsqVNtvAKVaaQIHpH,B01AA07,2018-07-22,2022-02-01,2005-06-20,2025-01-09
ofaHRjCDkzbdKzZeThwO,C03AA03,2015-06-01,2018-08-05,2010-04-16,2018-09-25
eRGNGAHKBVpRfEJMpgoE,B01AA03,1998-06-20,2009-09-26,2003-07-28,2024-03-15
iguobyFhJieUtXEnDRvy,C08CA12,2008-08-05,1996-09-10,2000-02-03,2015-01-26
PSdqfqCQYnCMGpMGxSpN,C09CA07,2023-02-10,2014-11-04,2019-05-10,2000-12-20
hdGoCeZfeFVMNCGFcCEb,C07AG02,2004-09-17,1998-11-11,2012-09-21,2021-11-30
SOaOcgBcXrFnOvflfJlg,C08CA05,1996-06-15,2020-01-20,2018-05-18,1995-03-30
fstyDKtjRoZzYOLyvxay,B01AB04,2023-10-13,2013-07-28,2015-10-15,2024-05-20
qUTzhHjLVYvOiFvxvoMT,C07AB12,2021-11-30,1999-10-17,2011-02-27,2002-08-19
KAREBaYZqcjhTEinBjAf,B01AB05,2023-04-21,2002-03-07,2012-12-13,2016-04-09
TgrHdPnAHUgDxhZcXYGB,C09CA04,2015-02-08,2020-12-18,1998-11-05,2007-02-07
ZdFfBFQwSpfgEWrNKnVM,C09AA07,1998-09-23,2020-07-27,2009-04-05,2022-02-07
jIsSZGwekTkBMhNaMeXC,C01AA05,2002-11-03,2018-11-07,2022-04-12,2016-05-27
TmKIttHGqpaTTGuiDwqB,B01AB05,2021-06-26,2018-11-16,2013-02-08,2023-11-25
luvhgWiGNwJQwNmnstWg,C08CA05,1999-08-17,2023-04-23,2013-08-04,2015-05-04
qCgqtCxjxVBZtVhCJHLJ,C03DA01,2002-01-09,2013-10-08,2010-12-10,2011-11-11
DHqkxkOHzlFqiLCmlHNy,C08DB01,2005-04-18,2008-12-13,2017-03-31,1996-04-04
WOyoqYFjEPIHiJaQQrwa,C03DA04,2013-01-01,2020-07-22,1996-12-18,1997-07-14
FBmarqXQpEEQnORBEYUA,C09AA04,2001-01-12,2006-11-26,2022-12-11,2011-09-26
NjlZJlOkWBTdLvoOtdKM,C03DA01,2021-01-20,2000-07-20,2016-12-29,1997-12-20
UGLqtGNkHqLvBoACETgD,C09AA04,2005-10-07,1995-10-22,2015-06-16,1998-06-10
fVWezWOufDiZsbmQBKZr,C03DA01,2020-03-28,1996-05-06,1996-06-16,2007-08-01
bYrzgyIXyAOLikCsMYAs,C07AB07,2005-03-25,2020-02-15,2010-06-08,2005-09-19
vjqmDZZVcbvWhpoeTXCx,C09AA10,2023-08-05,2024-09-18,2022-02-07,1996-12-12
IsjAeVziXzTcxtEzIskb,B01AC06,2018-03-28,1995-06-26,2019-01-16,2024-03-09
xkDVVkVhQmbzrUNwsHJb,C09CA06,2015-10-14,1999-11-08,1995-09-10,2009-03-25
xLdOgAojieGFsPAwzXrp,C07AB12,1998-06-10,1998-01-20,2016-08-22,2007-09-04
PusbEVBIBELzmFtjaEBZ,C08CA05,2014-05-04,2017-10-13,2018-06-02,1997-06-06
HJTNyvMUQfQdGLkcNruQ,C07AB07,2011-11-15,2015-05-20,2019-06-30,1999-11-28
LrHgWpSPOAjCFjfNmzfO,B01AC24,2015-05-30,2010-09-10,2014-03-31,2006-02-04
aNeLCjGdXsblGYGPbSgw,C08CA05,2019-03-10,2004-09-06,2005-10-07,2023-12-17
scaRqffeQMUFQwVrYePM,C03AA03,1996-07-11,2016-10-25,2002-04-25,2002-06-24
XObIcYYJEXnHMLwjXDCO,C07AB02,1996-04-04,2002-05-02,2022-09-30,1999-05-18
xlHfpUvFVOCxBRcITLvU,C08DA01,2021-03-12,2003-01-22,2016-03-21,2016-11-01
jztSQyBFSZiXAiqHDkuK,B01AC06,2018-02-24,2021-05-29,2002-06-04,2022-07-07
pcbaNJpByGZDQPpVTFdC,C01AA05,2014-09-22,1999-05-30,2014-10-25,2021-05-13
QTRrkwWKaijHfWwJlAFq,C09AA03,2024-05-25,2020-06-26,1996-05-18,1999-10-03
HKGEsGevBIIAHjmoOVUC,C09AA05,1995-11-16,2013-09-03,1999-08-30,2013-01-20
PBqMMSQUXEAbgckYcgjv,B01AC04,2017-04-29,2006-08-20,2019-11-18,2011-11-24
DxZumBjpcELeryVNlJJy,C09CA08,2011-05-24,1998-12-18,2010-08-20,2001-02-27
iIfNXJChDJXyVaVwPzlu,C09AA04,2003-03-17,2009-08-28,2023-02-28,2020-02-04
nLZWwsJCEfvDtpDQuQDB,C09CA08,2004-05-23,2003-05-26,2020-04-11,2007-12-31
uhQxixhJAgYvJRKSjjgO,C09AA05,2000-12-09,2009-01-02,2000-09-13,2021-06-25
HbIWNBSKduKdEvFoOxzu,B01AA03,1996-04-26,2006-01-08,2014-08-11,2000-01-24
JkxPBCTsVDsCPuEufZka,C09AA06,2000-04-21,2003-06-21,1999-07-01,2013-01-05
BLvoTIWcxzJTiDafyAYL,B01AC22,2004-04-21,1996-05-14,2023-07-30,2022-11-06
JXKiTAnUtKpPpzTjaXMv,C03EA06,2017-09-23,2022-05-26,2002-09-21,2006-04-25
DkpOratzhBlzUXRNUulb,B01AE07,2008-11-28,1998-04-26,1998-09-13,2020-06-28
umnBSKdAZYhsQZecwrgW,B01AF04,1998-08-05,2001-11-24,1996-11-09,2015-04-01
UUuKixtYkZnieaHNMSyX,C09CA03,2007-06-23,2001-03-15,2004-08-05,1999-03-29
uyotNIpRmNiKTbtMnLDz,C09AA05,2011-02-24,1999-11-29,2000-02-28,2006-04-24
qacBRPwvAXUYDHjRkfZQ,C08CA12,2011-06-11,2019-08-26,2007-09-13,2004-06-22
sqJwzhQBqJPafbjsqFkE,C09AA06,2014-02-19,1997-03-24,2003-06-06,2006-08-02
ResmlbkMTKXrYUeUPKWP,C03AA03,1995-06-25,2000-02-22,2004-06-28,2009-01-23
wWHSinrIzpsdkhwKWJoj,B01AF02,2015-08-09,1995-08-23,1995-05-28,2017-04-13
ZpBMvAVKLBCvzzufiPOy,C09CA01,2006-03-05,2019-12-02,2003-07-31,2017-06-04
KNPTIMCNDkUndPManZKm,C08CA05,2002-10-16,1996-04-01,2001-08-24,2010-03-23
NAbzJueayziQsHtAFsEH,C09AA07,1996-07-24,2008-12-02,1996-05-03,2009-01-27
rgbGtQyOynFGFHYGiihZ,A10BK01,2020-10-20,2002-07-03,2021-11-28,2018-05-20
oCGcHYOtlLHAKaoThpjC,C03EA06,2019-10-29,2018-09-25,1997-06-03,2002-04-06
GrbMBDXEeISVjCryFpNA,B01AB04,2002-09-11,2000-02-28,2012-11-05,2001-09-20
NOvkBNXgaaNWoEWjsJXg,C09D X02,1997-05-26,2014-04-15,2001-10-30,2019-06-27
SylDGAeWlqtnjjUhcLAJ,C09CA06,2010-06-22,1996-06-24,2015-10-02,2018-06-06
WRQzgkPrPnMflpuExzig,C03DA01,2010-07-26,2004-11-28,2007-08-02,1995-03-31
KamEfdStvlhTOHgpDzCu,B01AB11,2018-11-22,2005-11-30,2015-05-24,2010-03-26
CLwOZbuMNmmUsRrKBNYo,B01AC06,2005-07-01,2002-11-26,2023-03-02,2019-09-02
FVJNrFxGiKfOmxMslBjm,C08CA12,2007-01-03,2024-04-17,1996-04-07,2023-02-26
XVJUwvqpYRnUYBXWDFgu,A10BK03,2023-05-12,2004-09-13,2018-10-30,2015-07-25
BQtPZwwppAtmIdRQjXnj,C08CA05,2001-05-13,2023-09-25,2020-11-26,1996-07-29
FHbocNtBuFEYsfwscuSS,C03DA01,1997-09-23,2009-12-16,2005-07-28,2013-10-03
qTqHDxWKlwouPEKzuQae,C09AA02,2015-08-20,1998-11-11,2003-04-08,2023-01-20
ZZlfuUrFyrvvEjmxayAB,B01AB04,2002-10-19,2000-02-29,2021-02-09,2006-12-25
fpqpNCJAOAgajZOdkrWU,B01AX05,2016-12-25,1997-02-07,2001-08-16,2010-06-20
WbOMdUJEYtHUyZbfklGr,B01AB11,2013-09-07,2022-06-26,2013-03-06,2001-02-05
JJOtXmnnSgzLjzhMmOOK,B01AX05,2024-12-03,2023-08-20,2009-08-20,2020-11-18
spPHxFiESYFspSAfgsBy,C09CA04,2020-10-10,1999-12-14,2016-05-01,2009-06-08
OeXFNdcdtFCDvycKstss,B01AX05,2013-07-04,2007-05-25,2004-01-21,2015-04-03
JpZUVFyYRKopIKghGLKP,C07AG02,2018-11-29,2000-10-10,1997-08-01,2011-04-18
sjluveVHWKYTNSMJRuUI,C09CA08,2003-04-03,2004-03-27,2009-08-16,2017-05-28
hGcrzpXjWcloXJGvBaLD,C09CA04,2013-08-21,2008-01-26,2012-03-15,2018-12-16
YqepVroEmfGSnOnvJyFK,C09CA04,2001-07-09,2001-12-08,2021-04-12,2012-06-05
URrixgjvqwjwyikKkOGJ,C09AA07,2019-02-08,2009-03-03,2022-03-10,2001-06-30
sAyPkKwNoUEeqrHClvVM,C01AA05,2008-06-10,2014-06-19,2023-03-27,2011-04-25
QtDyDoiIxwzhpcCykIZa,B01AB11,2017-12-03,2024-06-01,2024-04-01,2010-11-28
LOltfpzzRCDYqBnIJxwu,C09D X02,2014-06-24,2013-03-28,2021-02-20,1998-12-18
ZnispbcfdadhUEPOlwQW,C09CA06,2019-08-21,1999-04-05,2024-09-04,2024-05-07
meFZGyosPAmTtBVwjUnf,C09AA07,2001-08-07,1996-05-18,2006-11-07,2022-06-12
SCQbRIDzULbIsxWDcGGy,C07AB02,2021-09-28,2022-08-21,2017-03-15,2013-09-19
hjqCENqWEaFIPXxnIzMJ,C07AB02,2005-02-21,2023-02-13,2014-08-13,2020-12-20
kAlbiELTAnKfltPtZBhC,C09AA03,2004-12-02,1997-03-18,2015-11-08,1996-12-09
HoLYIhkbByoLuAKsZYwA,C09AA01,2015-06-12,2003-08-27,1998-04-01,1995-04-10
cIgxqpshWLWehZvgsVea,C07AB02,2001-11-05,2015-01-29,2005-08-20,1999-03-10
klyoPwunWwnvsDYGiVqu,B01AF01,2002-06-17,2019-11-13,2022-07-27,2008-02-13
LCuWwnYufsHkSJaiQtoD,C09CA07,2023-01-29,2023-06-12,2003-03-22,2023-09-21
qnulUZOJMVCXHHpKtDpY,B01AB04,2020-02-19,2005-07-29,2000-06-24,2022-03-19
kbKXGdGQniNwmOpXEQAd,C09AA03,2023-03-05,2006-05-21,2016-10-26,2011-08-22
ppYoxIdxohTucWWWOolK,C09AA04,2019-02-02,2006-06-01,2009-05-25,1996-12-07
DHmaWxxvgttsQkojfHKV,C01EB17,1998-03-19,2022-05-16,2020-12-30,2021-04-14
